Academic_Year,Term,Course_ID,Course_Title,Section_ID,Enrolled_Count,class_size_status
2019-20,Fall,C00002,Management UG Course 2,SEC000001,3,Underfilled
2019-20,Fall,C00003,Management UG Course 3,SEC000002,4,Underfilled
2019-20,Fall,C00005,Management UG Course 5,SEC000003,9,Underfilled
2019-20,Fall,C00006,Management UG Course 6,SEC000004,1,Underfilled
2019-20,Fall,C00009,Management UG Course 9,SEC000005,2,Underfilled
2019-20,Fall,C00010,Management UG Course 10,SEC000006,1,Underfilled
2019-20,Fall,C00013,Management UG Course 13,SEC000007,3,Underfilled
2019-20,Fall,C00015,Management UG Course 15,SEC000008,1,Underfilled
2019-20,Fall,C00016,Management UG Course 16,SEC000009,3,Underfilled
2019-20,Fall,C00017,Management UG Course 17,SEC000010,3,Underfilled
2019-20,Fall,C00018,Management UG Course 18,SEC000011,1,Underfilled
2019-20,Fall,C00019,Management UG Course 19,SEC000012,2,Underfilled
2019-20,Fall,C00022,Management UG Course 22,SEC000013,39,Overfilled
2019-20,Fall,C00022,Management UG Course 22,SEC000014,38,Overfilled
2019-20,Fall,C00022,Management UG Course 22,SEC000015,38,Overfilled
2019-20,Fall,C00022,Management UG Course 22,SEC000016,38,Overfilled
2019-20,Fall,C00025,Management UG Course 25,SEC000017,5,Underfilled
2019-20,Fall,C00026,Management UG Course 26,SEC000018,3,Underfilled
2019-20,Fall,C00027,Management UG Course 27,SEC000019,4,Underfilled
2019-20,Fall,C00029,Management UG Course 29,SEC000020,2,Underfilled
2019-20,Fall,C00030,Management UG Course 30,SEC000021,48,Overfilled
2019-20,Fall,C00030,Management UG Course 30,SEC000022,47,Overfilled
2019-20,Fall,C00030,Management UG Course 30,SEC000023,47,Overfilled
2019-20,Fall,C00031,Management UG Course 31,SEC000024,4,Underfilled
2019-20,Fall,C00032,Management UG Course 32,SEC000025,2,Underfilled
2019-20,Fall,C00033,Management UG Course 33,SEC000026,48,Overfilled
2019-20,Fall,C00033,Management UG Course 33,SEC000027,47,Overfilled
2019-20,Fall,C00033,Management UG Course 33,SEC000028,47,Overfilled
2019-20,Fall,C00034,Management UG Course 34,SEC000029,7,Underfilled
2019-20,Fall,C00035,Management UG Course 35,SEC000030,1,Underfilled
2019-20,Fall,C00038,Management UG Course 38,SEC000031,1,Underfilled
2019-20,Fall,C00039,Management UG Course 39,SEC000032,5,Underfilled
2019-20,Fall,C00055,Finance UG Course 1,SEC000033,2,Underfilled
2019-20,Fall,C00056,Finance UG Course 2,SEC000034,4,Underfilled
2019-20,Fall,C00057,Finance UG Course 3,SEC000035,5,Underfilled
2019-20,Fall,C00058,Finance UG Course 4,SEC000036,1,Underfilled
2019-20,Fall,C00062,Finance UG Course 8,SEC000037,4,Underfilled
2019-20,Fall,C00063,Finance UG Course 9,SEC000038,3,Underfilled
2019-20,Fall,C00066,Finance UG Course 12,SEC000039,1,Underfilled
2019-20,Fall,C00070,Finance UG Course 16,SEC000040,5,Underfilled
2019-20,Fall,C00072,Finance UG Course 18,SEC000041,2,Underfilled
2019-20,Fall,C00073,Finance UG Course 19,SEC000042,49,Overfilled
2019-20,Fall,C00073,Finance UG Course 19,SEC000043,49,Overfilled
2019-20,Fall,C00073,Finance UG Course 19,SEC000044,48,Overfilled
2019-20,Fall,C00074,Finance UG Course 20,SEC000045,3,Underfilled
2019-20,Fall,C00075,Finance UG Course 21,SEC000046,1,Underfilled
2019-20,Fall,C00076,Finance UG Course 22,SEC000047,3,Underfilled
2019-20,Fall,C00077,Finance UG Course 23,SEC000048,2,Underfilled
2019-20,Fall,C00078,Finance UG Course 24,SEC000049,2,Underfilled
2019-20,Fall,C00079,Finance UG Course 25,SEC000050,1,Underfilled
2019-20,Fall,C00081,Finance UG Course 27,SEC000051,3,Underfilled
2019-20,Fall,C00083,Finance UG Course 29,SEC000052,2,Underfilled
2019-20,Fall,C00084,Finance UG Course 30,SEC000053,3,Underfilled
2019-20,Fall,C00085,Finance UG Course 31,SEC000054,2,Underfilled
2019-20,Fall,C00087,Finance UG Course 33,SEC000055,2,Underfilled
2019-20,Fall,C00088,Finance UG Course 34,SEC000056,2,Underfilled
2019-20,Fall,C00090,Finance UG Course 36,SEC000057,3,Underfilled
2019-20,Fall,C00092,Finance UG Course 38,SEC000058,6,Underfilled
2019-20,Fall,C00093,Finance UG Course 39,SEC000059,2,Underfilled
2019-20,Fall,C00109,Marketing UG Course 1,SEC000060,2,Underfilled
2019-20,Fall,C00110,Marketing UG Course 2,SEC000061,3,Underfilled
2019-20,Fall,C00114,Marketing UG Course 6,SEC000062,3,Underfilled
2019-20,Fall,C00120,Marketing UG Course 12,SEC000063,1,Underfilled
2019-20,Fall,C00122,Marketing UG Course 14,SEC000064,3,Underfilled
2019-20,Fall,C00123,Marketing UG Course 15,SEC000065,47,Overfilled
2019-20,Fall,C00123,Marketing UG Course 15,SEC000066,47,Overfilled
2019-20,Fall,C00123,Marketing UG Course 15,SEC000067,46,Overfilled
2019-20,Fall,C00124,Marketing UG Course 16,SEC000068,1,Underfilled
2019-20,Fall,C00126,Marketing UG Course 18,SEC000069,5,Underfilled
2019-20,Fall,C00127,Marketing UG Course 19,SEC000070,2,Underfilled
2019-20,Fall,C00128,Marketing UG Course 20,SEC000071,2,Underfilled
2019-20,Fall,C00130,Marketing UG Course 22,SEC000072,1,Underfilled
2019-20,Fall,C00131,Marketing UG Course 23,SEC000073,1,Underfilled
2019-20,Fall,C00134,Marketing UG Course 26,SEC000074,2,Underfilled
2019-20,Fall,C00138,Marketing UG Course 30,SEC000075,2,Underfilled
2019-20,Fall,C00139,Marketing UG Course 31,SEC000076,1,Underfilled
2019-20,Fall,C00140,Marketing UG Course 32,SEC000077,2,Underfilled
2019-20,Fall,C00141,Marketing UG Course 33,SEC000078,3,Underfilled
2019-20,Fall,C00142,Marketing UG Course 34,SEC000079,4,Underfilled
2019-20,Fall,C00145,Marketing UG Course 37,SEC000080,1,Underfilled
2019-20,Fall,C00147,Marketing UG Course 39,SEC000081,3,Underfilled
2019-20,Fall,C00163,Civil UG Course 1,SEC000082,2,Underfilled
2019-20,Fall,C00167,Civil UG Course 5,SEC000083,3,Underfilled
2019-20,Fall,C00171,Civil UG Course 9,SEC000084,2,Underfilled
2019-20,Fall,C00172,Civil UG Course 10,SEC000085,4,Underfilled
2019-20,Fall,C00174,Civil UG Course 12,SEC000086,1,Underfilled
2019-20,Fall,C00175,Civil UG Course 13,SEC000087,1,Underfilled
2019-20,Fall,C00176,Civil UG Course 14,SEC000088,4,Underfilled
2019-20,Fall,C00180,Civil UG Course 18,SEC000089,4,Underfilled
2019-20,Fall,C00181,Civil UG Course 19,SEC000090,1,Underfilled
2019-20,Fall,C00182,Civil UG Course 20,SEC000091,2,Underfilled
2019-20,Fall,C00183,Civil UG Course 21,SEC000092,1,Underfilled
2019-20,Fall,C00186,Civil UG Course 24,SEC000093,2,Underfilled
2019-20,Fall,C00188,Civil UG Course 26,SEC000094,1,Underfilled
2019-20,Fall,C00189,Civil UG Course 27,SEC000095,4,Underfilled
2019-20,Fall,C00190,Civil UG Course 28,SEC000096,1,Underfilled
2019-20,Fall,C00191,Civil UG Course 29,SEC000097,8,Underfilled
2019-20,Fall,C00193,Civil UG Course 31,SEC000098,2,Underfilled
2019-20,Fall,C00194,Civil UG Course 32,SEC000099,1,Underfilled
2019-20,Fall,C00195,Civil UG Course 33,SEC000100,5,Underfilled
2019-20,Fall,C00196,Civil UG Course 34,SEC000101,4,Underfilled
2019-20,Fall,C00197,Civil UG Course 35,SEC000102,4,Underfilled
2019-20,Fall,C00198,Civil UG Course 36,SEC000103,2,Underfilled
2019-20,Fall,C00200,Civil UG Course 38,SEC000104,1,Underfilled
2019-20,Fall,C00201,Civil UG Course 39,SEC000105,2,Underfilled
2019-20,Fall,C00202,Civil UG Course 40,SEC000106,2,Underfilled
2019-20,Fall,C00204,Civil PG Course 2,SEC000107,28,Optimal
2019-20,Fall,C00206,Civil PG Course 4,SEC000108,35,Overfilled
2019-20,Fall,C00209,Civil PG Course 7,SEC000109,3,Underfilled
2019-20,Fall,C00210,Civil PG Course 8,SEC000110,33,Overfilled
2019-20,Fall,C00212,Civil PG Course 10,SEC000111,2,Underfilled
2019-20,Fall,C00213,Civil PG Course 11,SEC000112,32,Overfilled
2019-20,Fall,C00214,Civil PG Course 12,SEC000113,30,Optimal
2019-20,Fall,C00219,Mechanical UG Course 3,SEC000114,1,Underfilled
2019-20,Fall,C00220,Mechanical UG Course 4,SEC000115,6,Underfilled
2019-20,Fall,C00224,Mechanical UG Course 8,SEC000116,3,Underfilled
2019-20,Fall,C00227,Mechanical UG Course 11,SEC000117,35,Overfilled
2019-20,Fall,C00227,Mechanical UG Course 11,SEC000118,34,Overfilled
2019-20,Fall,C00232,Mechanical UG Course 16,SEC000119,2,Underfilled
2019-20,Fall,C00235,Mechanical UG Course 19,SEC000120,6,Underfilled
2019-20,Fall,C00237,Mechanical UG Course 21,SEC000121,8,Underfilled
2019-20,Fall,C00238,Mechanical UG Course 22,SEC000122,5,Underfilled
2019-20,Fall,C00242,Mechanical UG Course 26,SEC000123,3,Underfilled
2019-20,Fall,C00243,Mechanical UG Course 27,SEC000124,3,Underfilled
2019-20,Fall,C00244,Mechanical UG Course 28,SEC000125,1,Underfilled
2019-20,Fall,C00245,Mechanical UG Course 29,SEC000126,1,Underfilled
2019-20,Fall,C00250,Mechanical UG Course 34,SEC000127,1,Underfilled
2019-20,Fall,C00251,Mechanical UG Course 35,SEC000128,5,Underfilled
2019-20,Fall,C00253,Mechanical UG Course 37,SEC000129,33,Overfilled
2019-20,Fall,C00253,Mechanical UG Course 37,SEC000130,33,Overfilled
2019-20,Fall,C00257,Mechanical PG Course 1,SEC000131,27,Optimal
2019-20,Fall,C00260,Mechanical PG Course 4,SEC000132,2,Underfilled
2019-20,Fall,C00264,Mechanical PG Course 8,SEC000133,2,Underfilled
2019-20,Fall,C00265,Mechanical PG Course 9,SEC000134,2,Underfilled
2019-20,Fall,C00266,Mechanical PG Course 10,SEC000135,3,Underfilled
2019-20,Fall,C00268,Mechanical PG Course 12,SEC000136,2,Underfilled
2019-20,Fall,C00269,Mechanical PG Course 13,SEC000137,27,Optimal
2019-20,Fall,C00270,Mechanical PG Course 14,SEC000138,1,Underfilled
2019-20,Fall,C00278,Electrical UG Course 8,SEC000139,1,Underfilled
2019-20,Fall,C00279,Electrical UG Course 9,SEC000140,1,Underfilled
2019-20,Fall,C00284,Electrical UG Course 14,SEC000141,24,Optimal
2019-20,Fall,C00284,Electrical UG Course 14,SEC000142,24,Optimal
2019-20,Fall,C00284,Electrical UG Course 14,SEC000143,24,Optimal
2019-20,Fall,C00286,Electrical UG Course 16,SEC000144,1,Underfilled
2019-20,Fall,C00296,Electrical UG Course 26,SEC000145,30,Optimal
2019-20,Fall,C00296,Electrical UG Course 26,SEC000146,30,Optimal
2019-20,Fall,C00297,Electrical UG Course 27,SEC000147,2,Underfilled
2019-20,Fall,C00301,Electrical UG Course 31,SEC000148,24,Optimal
2019-20,Fall,C00301,Electrical UG Course 31,SEC000149,24,Optimal
2019-20,Fall,C00301,Electrical UG Course 31,SEC000150,23,Optimal
2019-20,Fall,C00311,Electrical PG Course 1,SEC000151,6,Underfilled
2019-20,Fall,C00313,Electrical PG Course 3,SEC000152,3,Underfilled
2019-20,Fall,C00314,Electrical PG Course 4,SEC000153,3,Underfilled
2019-20,Fall,C00315,Electrical PG Course 5,SEC000154,1,Underfilled
2019-20,Fall,C00316,Electrical PG Course 6,SEC000155,3,Underfilled
2019-20,Fall,C00317,Electrical PG Course 7,SEC000156,4,Underfilled
2019-20,Fall,C00318,Electrical PG Course 8,SEC000157,20,Optimal
2019-20,Fall,C00318,Electrical PG Course 8,SEC000158,19,Underfilled
2019-20,Fall,C00319,Electrical PG Course 9,SEC000159,3,Underfilled
2019-20,Fall,C00320,Electrical PG Course 10,SEC000160,4,Underfilled
2019-20,Fall,C00323,Electrical PG Course 13,SEC000161,35,Overfilled
2019-20,Fall,C00324,Electrical PG Course 14,SEC000162,9,Underfilled
2019-20,Fall,C00327,Computer Science UG Course 3,SEC000163,3,Underfilled
2019-20,Fall,C00329,Computer Science UG Course 5,SEC000164,2,Underfilled
2019-20,Fall,C00331,Computer Science UG Course 7,SEC000165,1,Underfilled
2019-20,Fall,C00332,Computer Science UG Course 8,SEC000166,2,Underfilled
2019-20,Fall,C00333,Computer Science UG Course 9,SEC000167,36,Overfilled
2019-20,Fall,C00333,Computer Science UG Course 9,SEC000168,35,Overfilled
2019-20,Fall,C00333,Computer Science UG Course 9,SEC000169,35,Overfilled
2019-20,Fall,C00335,Computer Science UG Course 11,SEC000170,3,Underfilled
2019-20,Fall,C00336,Computer Science UG Course 12,SEC000171,1,Underfilled
2019-20,Fall,C00338,Computer Science UG Course 14,SEC000172,2,Underfilled
2019-20,Fall,C00340,Computer Science UG Course 16,SEC000173,1,Underfilled
2019-20,Fall,C00341,Computer Science UG Course 17,SEC000174,3,Underfilled
2019-20,Fall,C00342,Computer Science UG Course 18,SEC000175,32,Overfilled
2019-20,Fall,C00342,Computer Science UG Course 18,SEC000176,32,Overfilled
2019-20,Fall,C00342,Computer Science UG Course 18,SEC000177,32,Overfilled
2019-20,Fall,C00344,Computer Science UG Course 20,SEC000178,1,Underfilled
2019-20,Fall,C00346,Computer Science UG Course 22,SEC000179,6,Underfilled
2019-20,Fall,C00347,Computer Science UG Course 23,SEC000180,1,Underfilled
2019-20,Fall,C00349,Computer Science UG Course 25,SEC000181,4,Underfilled
2019-20,Fall,C00350,Computer Science UG Course 26,SEC000182,2,Underfilled
2019-20,Fall,C00351,Computer Science UG Course 27,SEC000183,1,Underfilled
2019-20,Fall,C00352,Computer Science UG Course 28,SEC000184,4,Underfilled
2019-20,Fall,C00354,Computer Science UG Course 30,SEC000185,4,Underfilled
2019-20,Fall,C00355,Computer Science UG Course 31,SEC000186,3,Underfilled
2019-20,Fall,C00356,Computer Science UG Course 32,SEC000187,1,Underfilled
2019-20,Fall,C00357,Computer Science UG Course 33,SEC000188,3,Underfilled
2019-20,Fall,C00360,Computer Science UG Course 36,SEC000189,1,Underfilled
2019-20,Fall,C00361,Computer Science UG Course 37,SEC000190,3,Underfilled
2019-20,Fall,C00362,Computer Science UG Course 38,SEC000191,1,Underfilled
2019-20,Fall,C00364,Computer Science UG Course 40,SEC000192,2,Underfilled
2019-20,Fall,C00380,Data Science UG Course 2,SEC000193,5,Underfilled
2019-20,Fall,C00381,Data Science UG Course 3,SEC000194,1,Underfilled
2019-20,Fall,C00382,Data Science UG Course 4,SEC000195,5,Underfilled
2019-20,Fall,C00383,Data Science UG Course 5,SEC000196,1,Underfilled
2019-20,Fall,C00384,Data Science UG Course 6,SEC000197,4,Underfilled
2019-20,Fall,C00387,Data Science UG Course 9,SEC000198,6,Underfilled
2019-20,Fall,C00390,Data Science UG Course 12,SEC000199,9,Underfilled
2019-20,Fall,C00391,Data Science UG Course 13,SEC000200,1,Underfilled
2019-20,Fall,C00392,Data Science UG Course 14,SEC000201,6,Underfilled
2019-20,Fall,C00393,Data Science UG Course 15,SEC000202,9,Underfilled
2019-20,Fall,C00394,Data Science UG Course 16,SEC000203,2,Underfilled
2019-20,Fall,C00396,Data Science UG Course 18,SEC000204,3,Underfilled
2019-20,Fall,C00397,Data Science UG Course 19,SEC000205,3,Underfilled
2019-20,Fall,C00398,Data Science UG Course 20,SEC000206,2,Underfilled
2019-20,Fall,C00399,Data Science UG Course 21,SEC000207,3,Underfilled
2019-20,Fall,C00401,Data Science UG Course 23,SEC000208,36,Overfilled
2019-20,Fall,C00401,Data Science UG Course 23,SEC000209,36,Overfilled
2019-20,Fall,C00401,Data Science UG Course 23,SEC000210,35,Overfilled
2019-20,Fall,C00402,Data Science UG Course 24,SEC000211,5,Underfilled
2019-20,Fall,C00403,Data Science UG Course 25,SEC000212,1,Underfilled
2019-20,Fall,C00404,Data Science UG Course 26,SEC000213,1,Underfilled
2019-20,Fall,C00408,Data Science UG Course 30,SEC000214,34,Overfilled
2019-20,Fall,C00408,Data Science UG Course 30,SEC000215,34,Overfilled
2019-20,Fall,C00408,Data Science UG Course 30,SEC000216,34,Overfilled
2019-20,Fall,C00409,Data Science UG Course 31,SEC000217,1,Underfilled
2019-20,Fall,C00410,Data Science UG Course 32,SEC000218,3,Underfilled
2019-20,Fall,C00411,Data Science UG Course 33,SEC000219,1,Underfilled
2019-20,Fall,C00413,Data Science UG Course 35,SEC000220,1,Underfilled
2019-20,Fall,C00414,Data Science UG Course 36,SEC000221,33,Overfilled
2019-20,Fall,C00414,Data Science UG Course 36,SEC000222,33,Overfilled
2019-20,Fall,C00414,Data Science UG Course 36,SEC000223,32,Overfilled
2019-20,Fall,C00417,Data Science UG Course 39,SEC000224,4,Underfilled
2019-20,Fall,C00418,Data Science UG Course 40,SEC000225,4,Underfilled
2019-20,Fall,C00424,Data Science PG Course 6,SEC000226,22,Optimal
2019-20,Fall,C00427,Data Science PG Course 9,SEC000227,1,Underfilled
2019-20,Fall,C00435,Cybersecurity UG Course 3,SEC000228,1,Underfilled
2019-20,Fall,C00437,Cybersecurity UG Course 5,SEC000229,3,Underfilled
2019-20,Fall,C00438,Cybersecurity UG Course 6,SEC000230,1,Underfilled
2019-20,Fall,C00439,Cybersecurity UG Course 7,SEC000231,2,Underfilled
2019-20,Fall,C00443,Cybersecurity UG Course 11,SEC000232,2,Underfilled
2019-20,Fall,C00444,Cybersecurity UG Course 12,SEC000233,2,Underfilled
2019-20,Fall,C00445,Cybersecurity UG Course 13,SEC000234,3,Underfilled
2019-20,Fall,C00452,Cybersecurity UG Course 20,SEC000235,4,Underfilled
2019-20,Fall,C00454,Cybersecurity UG Course 22,SEC000236,4,Underfilled
2019-20,Fall,C00455,Cybersecurity UG Course 23,SEC000237,2,Underfilled
2019-20,Fall,C00458,Cybersecurity UG Course 26,SEC000238,3,Underfilled
2019-20,Fall,C00459,Cybersecurity UG Course 27,SEC000239,1,Underfilled
2019-20,Fall,C00463,Cybersecurity UG Course 31,SEC000240,1,Underfilled
2019-20,Fall,C00465,Cybersecurity UG Course 33,SEC000241,3,Underfilled
2019-20,Fall,C00472,Cybersecurity UG Course 40,SEC000242,3,Underfilled
2019-20,Fall,C00474,Cybersecurity PG Course 2,SEC000243,7,Underfilled
2019-20,Fall,C00475,Cybersecurity PG Course 3,SEC000244,4,Underfilled
2019-20,Fall,C00476,Cybersecurity PG Course 4,SEC000245,21,Optimal
2019-20,Fall,C00480,Cybersecurity PG Course 8,SEC000246,7,Underfilled
2019-20,Fall,C00481,Cybersecurity PG Course 9,SEC000247,6,Underfilled
2019-20,Fall,C00483,Cybersecurity PG Course 11,SEC000248,20,Optimal
2019-20,Fall,C00484,Cybersecurity PG Course 12,SEC000249,7,Underfilled
2019-20,Fall,C00485,Cybersecurity PG Course 13,SEC000250,6,Underfilled
2019-20,Fall,C00486,Cybersecurity PG Course 14,SEC000251,1,Underfilled
2019-20,Fall,C00487,Nursing UG Course 1,SEC000252,1,Underfilled
2019-20,Fall,C00490,Nursing UG Course 4,SEC000253,26,Optimal
2019-20,Fall,C00490,Nursing UG Course 4,SEC000254,26,Optimal
2019-20,Fall,C00490,Nursing UG Course 4,SEC000255,26,Optimal
2019-20,Fall,C00490,Nursing UG Course 4,SEC000256,26,Optimal
2019-20,Fall,C00490,Nursing UG Course 4,SEC000257,26,Optimal
2019-20,Fall,C00491,Nursing UG Course 5,SEC000258,4,Underfilled
2019-20,Fall,C00493,Nursing UG Course 7,SEC000259,2,Underfilled
2019-20,Fall,C00494,Nursing UG Course 8,SEC000260,1,Underfilled
2019-20,Fall,C00495,Nursing UG Course 9,SEC000261,27,Optimal
2019-20,Fall,C00495,Nursing UG Course 9,SEC000262,27,Optimal
2019-20,Fall,C00495,Nursing UG Course 9,SEC000263,27,Optimal
2019-20,Fall,C00495,Nursing UG Course 9,SEC000264,27,Optimal
2019-20,Fall,C00495,Nursing UG Course 9,SEC000265,26,Optimal
2019-20,Fall,C00497,Nursing UG Course 11,SEC000266,3,Underfilled
2019-20,Fall,C00500,Nursing UG Course 14,SEC000267,2,Underfilled
2019-20,Fall,C00501,Nursing UG Course 15,SEC000268,2,Underfilled
2019-20,Fall,C00502,Nursing UG Course 16,SEC000269,1,Underfilled
2019-20,Fall,C00504,Nursing UG Course 18,SEC000270,4,Underfilled
2019-20,Fall,C00505,Nursing UG Course 19,SEC000271,1,Underfilled
2019-20,Fall,C00506,Nursing UG Course 20,SEC000272,1,Underfilled
2019-20,Fall,C00508,Nursing UG Course 22,SEC000273,1,Underfilled
2019-20,Fall,C00511,Nursing UG Course 25,SEC000274,2,Underfilled
2019-20,Fall,C00517,Nursing UG Course 31,SEC000275,30,Optimal
2019-20,Fall,C00517,Nursing UG Course 31,SEC000276,30,Optimal
2019-20,Fall,C00517,Nursing UG Course 31,SEC000277,30,Optimal
2019-20,Fall,C00517,Nursing UG Course 31,SEC000278,29,Optimal
2019-20,Fall,C00518,Nursing UG Course 32,SEC000279,2,Underfilled
2019-20,Fall,C00519,Nursing UG Course 33,SEC000280,1,Underfilled
2019-20,Fall,C00520,Nursing UG Course 34,SEC000281,26,Optimal
2019-20,Fall,C00520,Nursing UG Course 34,SEC000282,26,Optimal
2019-20,Fall,C00520,Nursing UG Course 34,SEC000283,25,Optimal
2019-20,Fall,C00520,Nursing UG Course 34,SEC000284,25,Optimal
2019-20,Fall,C00520,Nursing UG Course 34,SEC000285,25,Optimal
2019-20,Fall,C00521,Nursing UG Course 35,SEC000286,3,Underfilled
2019-20,Fall,C00527,Nursing PG Course 1,SEC000287,6,Underfilled
2019-20,Fall,C00528,Nursing PG Course 2,SEC000288,1,Underfilled
2019-20,Fall,C00530,Nursing PG Course 4,SEC000289,26,Optimal
2019-20,Fall,C00531,Nursing PG Course 5,SEC000290,1,Underfilled
2019-20,Fall,C00533,Nursing PG Course 7,SEC000291,1,Underfilled
2019-20,Fall,C00534,Nursing PG Course 8,SEC000292,22,Optimal
2019-20,Fall,C00536,Nursing PG Course 10,SEC000293,6,Underfilled
2019-20,Fall,C00537,Nursing PG Course 11,SEC000294,1,Underfilled
2019-20,Fall,C00539,Nursing PG Course 13,SEC000295,7,Underfilled
2019-20,Fall,C00541,Public Health UG Course 1,SEC000296,26,Optimal
2019-20,Fall,C00541,Public Health UG Course 1,SEC000297,26,Optimal
2019-20,Fall,C00541,Public Health UG Course 1,SEC000298,26,Optimal
2019-20,Fall,C00541,Public Health UG Course 1,SEC000299,25,Optimal
2019-20,Fall,C00541,Public Health UG Course 1,SEC000300,25,Optimal
2019-20,Fall,C00545,Public Health UG Course 5,SEC000301,3,Underfilled
2019-20,Fall,C00547,Public Health UG Course 7,SEC000302,1,Underfilled
2019-20,Fall,C00548,Public Health UG Course 8,SEC000303,2,Underfilled
2019-20,Fall,C00549,Public Health UG Course 9,SEC000304,1,Underfilled
2019-20,Fall,C00550,Public Health UG Course 10,SEC000305,1,Underfilled
2019-20,Fall,C00551,Public Health UG Course 11,SEC000306,2,Underfilled
2019-20,Fall,C00554,Public Health UG Course 14,SEC000307,4,Underfilled
2019-20,Fall,C00556,Public Health UG Course 16,SEC000308,1,Underfilled
2019-20,Fall,C00558,Public Health UG Course 18,SEC000309,1,Underfilled
2019-20,Fall,C00560,Public Health UG Course 20,SEC000310,1,Underfilled
2019-20,Fall,C00561,Public Health UG Course 21,SEC000311,5,Underfilled
2019-20,Fall,C00563,Public Health UG Course 23,SEC000312,5,Underfilled
2019-20,Fall,C00564,Public Health UG Course 24,SEC000313,4,Underfilled
2019-20,Fall,C00565,Public Health UG Course 25,SEC000314,1,Underfilled
2019-20,Fall,C00566,Public Health UG Course 26,SEC000315,3,Underfilled
2019-20,Fall,C00567,Public Health UG Course 27,SEC000316,5,Underfilled
2019-20,Fall,C00569,Public Health UG Course 29,SEC000317,2,Underfilled
2019-20,Fall,C00570,Public Health UG Course 30,SEC000318,4,Underfilled
2019-20,Fall,C00571,Public Health UG Course 31,SEC000319,1,Underfilled
2019-20,Fall,C00574,Public Health UG Course 34,SEC000320,2,Underfilled
2019-20,Fall,C00575,Public Health UG Course 35,SEC000321,1,Underfilled
2019-20,Fall,C00576,Public Health UG Course 36,SEC000322,1,Underfilled
2019-20,Fall,C00577,Public Health UG Course 37,SEC000323,4,Underfilled
2019-20,Fall,C00578,Public Health UG Course 38,SEC000324,4,Underfilled
2019-20,Fall,C00582,Public Health PG Course 2,SEC000325,1,Underfilled
2019-20,Fall,C00589,Public Health PG Course 9,SEC000326,1,Underfilled
2019-20,Fall,C00590,Public Health PG Course 10,SEC000327,2,Underfilled
2019-20,Fall,C00595,Pharmacy UG Course 1,SEC000328,4,Underfilled
2019-20,Fall,C00596,Pharmacy UG Course 2,SEC000329,1,Underfilled
2019-20,Fall,C00597,Pharmacy UG Course 3,SEC000330,2,Underfilled
2019-20,Fall,C00598,Pharmacy UG Course 4,SEC000331,1,Underfilled
2019-20,Fall,C00599,Pharmacy UG Course 5,SEC000332,1,Underfilled
2019-20,Fall,C00600,Pharmacy UG Course 6,SEC000333,2,Underfilled
2019-20,Fall,C00606,Pharmacy UG Course 12,SEC000334,3,Underfilled
2019-20,Fall,C00608,Pharmacy UG Course 14,SEC000335,2,Underfilled
2019-20,Fall,C00609,Pharmacy UG Course 15,SEC000336,2,Underfilled
2019-20,Fall,C00611,Pharmacy UG Course 17,SEC000337,2,Underfilled
2019-20,Fall,C00613,Pharmacy UG Course 19,SEC000338,4,Underfilled
2019-20,Fall,C00614,Pharmacy UG Course 20,SEC000339,2,Underfilled
2019-20,Fall,C00615,Pharmacy UG Course 21,SEC000340,4,Underfilled
2019-20,Fall,C00617,Pharmacy UG Course 23,SEC000341,5,Underfilled
2019-20,Fall,C00620,Pharmacy UG Course 26,SEC000342,1,Underfilled
2019-20,Fall,C00621,Pharmacy UG Course 27,SEC000343,4,Underfilled
2019-20,Fall,C00622,Pharmacy UG Course 28,SEC000344,5,Underfilled
2019-20,Fall,C00623,Pharmacy UG Course 29,SEC000345,1,Underfilled
2019-20,Fall,C00625,Pharmacy UG Course 31,SEC000346,1,Underfilled
2019-20,Fall,C00626,Pharmacy UG Course 32,SEC000347,3,Underfilled
2019-20,Fall,C00627,Pharmacy UG Course 33,SEC000348,1,Underfilled
2019-20,Fall,C00628,Pharmacy UG Course 34,SEC000349,1,Underfilled
2019-20,Fall,C00629,Pharmacy UG Course 35,SEC000350,2,Underfilled
2019-20,Fall,C00630,Pharmacy UG Course 36,SEC000351,3,Underfilled
2019-20,Fall,C00633,Pharmacy UG Course 39,SEC000352,2,Underfilled
2019-20,Fall,C00634,Pharmacy UG Course 40,SEC000353,1,Underfilled
2019-20,Fall,C00640,Pharmacy PG Course 6,SEC000354,1,Underfilled
2019-20,Fall,C00642,Pharmacy PG Course 8,SEC000355,1,Underfilled
2019-20,Fall,C00643,Pharmacy PG Course 9,SEC000356,1,Underfilled
2019-20,Fall,C00644,Pharmacy PG Course 10,SEC000357,24,Optimal
2019-20,Fall,C00650,Psychology UG Course 2,SEC000358,33,Overfilled
2019-20,Fall,C00650,Psychology UG Course 2,SEC000359,33,Overfilled
2019-20,Fall,C00650,Psychology UG Course 2,SEC000360,33,Overfilled
2019-20,Fall,C00650,Psychology UG Course 2,SEC000361,32,Overfilled
2019-20,Fall,C00651,Psychology UG Course 3,SEC000362,14,Underfilled
2019-20,Fall,C00652,Psychology UG Course 4,SEC000363,2,Underfilled
2019-20,Fall,C00656,Psychology UG Course 8,SEC000364,1,Underfilled
2019-20,Fall,C00658,Psychology UG Course 10,SEC000365,7,Underfilled
2019-20,Fall,C00659,Psychology UG Course 11,SEC000366,2,Underfilled
2019-20,Fall,C00660,Psychology UG Course 12,SEC000367,2,Underfilled
2019-20,Fall,C00664,Psychology UG Course 16,SEC000368,1,Underfilled
2019-20,Fall,C00666,Psychology UG Course 18,SEC000369,10,Underfilled
2019-20,Fall,C00667,Psychology UG Course 19,SEC000370,2,Underfilled
2019-20,Fall,C00668,Psychology UG Course 20,SEC000371,7,Underfilled
2019-20,Fall,C00671,Psychology UG Course 23,SEC000372,3,Underfilled
2019-20,Fall,C00673,Psychology UG Course 25,SEC000373,6,Underfilled
2019-20,Fall,C00674,Psychology UG Course 26,SEC000374,5,Underfilled
2019-20,Fall,C00675,Psychology UG Course 27,SEC000375,1,Underfilled
2019-20,Fall,C00676,Psychology UG Course 28,SEC000376,6,Underfilled
2019-20,Fall,C00677,Psychology UG Course 29,SEC000377,1,Underfilled
2019-20,Fall,C00678,Psychology UG Course 30,SEC000378,3,Underfilled
2019-20,Fall,C00679,Psychology UG Course 31,SEC000379,1,Underfilled
2019-20,Fall,C00681,Psychology UG Course 33,SEC000380,4,Underfilled
2019-20,Fall,C00682,Psychology UG Course 34,SEC000381,4,Underfilled
2019-20,Fall,C00685,Psychology UG Course 37,SEC000382,7,Underfilled
2019-20,Fall,C00686,Psychology UG Course 38,SEC000383,32,Overfilled
2019-20,Fall,C00686,Psychology UG Course 38,SEC000384,32,Overfilled
2019-20,Fall,C00686,Psychology UG Course 38,SEC000385,31,Overfilled
2019-20,Fall,C00686,Psychology UG Course 38,SEC000386,31,Overfilled
2019-20,Fall,C00688,Psychology UG Course 40,SEC000387,1,Underfilled
2019-20,Fall,C00704,Education UG Course 2,SEC000388,7,Underfilled
2019-20,Fall,C00705,Education UG Course 3,SEC000389,2,Underfilled
2019-20,Fall,C00708,Education UG Course 6,SEC000390,1,Underfilled
2019-20,Fall,C00711,Education UG Course 9,SEC000391,2,Underfilled
2019-20,Fall,C00712,Education UG Course 10,SEC000392,2,Underfilled
2019-20,Fall,C00713,Education UG Course 11,SEC000393,2,Underfilled
2019-20,Fall,C00716,Education UG Course 14,SEC000394,3,Underfilled
2019-20,Fall,C00717,Education UG Course 15,SEC000395,3,Underfilled
2019-20,Fall,C00718,Education UG Course 16,SEC000396,2,Underfilled
2019-20,Fall,C00719,Education UG Course 17,SEC000397,2,Underfilled
2019-20,Fall,C00720,Education UG Course 18,SEC000398,2,Underfilled
2019-20,Fall,C00721,Education UG Course 19,SEC000399,6,Underfilled
2019-20,Fall,C00723,Education UG Course 21,SEC000400,4,Underfilled
2019-20,Fall,C00724,Education UG Course 22,SEC000401,1,Underfilled
2019-20,Fall,C00727,Education UG Course 25,SEC000402,2,Underfilled
2019-20,Fall,C00728,Education UG Course 26,SEC000403,34,Overfilled
2019-20,Fall,C00728,Education UG Course 26,SEC000404,34,Overfilled
2019-20,Fall,C00728,Education UG Course 26,SEC000405,33,Overfilled
2019-20,Fall,C00728,Education UG Course 26,SEC000406,33,Overfilled
2019-20,Fall,C00729,Education UG Course 27,SEC000407,5,Underfilled
2019-20,Fall,C00732,Education UG Course 30,SEC000408,5,Underfilled
2019-20,Fall,C00734,Education UG Course 32,SEC000409,5,Underfilled
2019-20,Fall,C00735,Education UG Course 33,SEC000410,2,Underfilled
2019-20,Fall,C00737,Education UG Course 35,SEC000411,1,Underfilled
2019-20,Fall,C00741,Education UG Course 39,SEC000412,1,Underfilled
2019-20,Fall,C00757,Media UG Course 1,SEC000413,2,Underfilled
2019-20,Fall,C00758,Media UG Course 2,SEC000414,1,Underfilled
2019-20,Fall,C00762,Media UG Course 6,SEC000415,34,Overfilled
2019-20,Fall,C00762,Media UG Course 6,SEC000416,34,Overfilled
2019-20,Fall,C00762,Media UG Course 6,SEC000417,34,Overfilled
2019-20,Fall,C00762,Media UG Course 6,SEC000418,34,Overfilled
2019-20,Fall,C00764,Media UG Course 8,SEC000419,5,Underfilled
2019-20,Fall,C00765,Media UG Course 9,SEC000420,1,Underfilled
2019-20,Fall,C00769,Media UG Course 13,SEC000421,1,Underfilled
2019-20,Fall,C00773,Media UG Course 17,SEC000422,11,Underfilled
2019-20,Fall,C00775,Media UG Course 19,SEC000423,1,Underfilled
2019-20,Fall,C00776,Media UG Course 20,SEC000424,1,Underfilled
2019-20,Fall,C00777,Media UG Course 21,SEC000425,7,Underfilled
2019-20,Fall,C00778,Media UG Course 22,SEC000426,1,Underfilled
2019-20,Fall,C00780,Media UG Course 24,SEC000427,33,Overfilled
2019-20,Fall,C00780,Media UG Course 24,SEC000428,33,Overfilled
2019-20,Fall,C00780,Media UG Course 24,SEC000429,33,Overfilled
2019-20,Fall,C00780,Media UG Course 24,SEC000430,32,Overfilled
2019-20,Fall,C00781,Media UG Course 25,SEC000431,3,Underfilled
2019-20,Fall,C00782,Media UG Course 26,SEC000432,1,Underfilled
2019-20,Fall,C00787,Media UG Course 31,SEC000433,3,Underfilled
2019-20,Fall,C00788,Media UG Course 32,SEC000434,1,Underfilled
2019-20,Fall,C00791,Media UG Course 35,SEC000435,6,Underfilled
2019-20,Fall,C00792,Media UG Course 36,SEC000436,5,Underfilled
2019-20,Fall,C00795,Media UG Course 39,SEC000437,2,Underfilled
2019-20,Spring,C00004,Management UG Course 4,SEC000438,8,Underfilled
2019-20,Spring,C00005,Management UG Course 5,SEC000439,4,Underfilled
2019-20,Spring,C00006,Management UG Course 6,SEC000440,1,Underfilled
2019-20,Spring,C00007,Management UG Course 7,SEC000441,1,Underfilled
2019-20,Spring,C00009,Management UG Course 9,SEC000442,8,Underfilled
2019-20,Spring,C00010,Management UG Course 10,SEC000443,1,Underfilled
2019-20,Spring,C00011,Management UG Course 11,SEC000444,5,Underfilled
2019-20,Spring,C00015,Management UG Course 15,SEC000445,18,Underfilled
2019-20,Spring,C00016,Management UG Course 16,SEC000446,6,Underfilled
2019-20,Spring,C00019,Management UG Course 19,SEC000447,2,Underfilled
2019-20,Spring,C00020,Management UG Course 20,SEC000448,5,Underfilled
2019-20,Spring,C00021,Management UG Course 21,SEC000449,4,Underfilled
2019-20,Spring,C00022,Management UG Course 22,SEC000450,36,Overfilled
2019-20,Spring,C00022,Management UG Course 22,SEC000451,36,Overfilled
2019-20,Spring,C00022,Management UG Course 22,SEC000452,36,Overfilled
2019-20,Spring,C00023,Management UG Course 23,SEC000453,2,Underfilled
2019-20,Spring,C00024,Management UG Course 24,SEC000454,5,Underfilled
2019-20,Spring,C00027,Management UG Course 27,SEC000455,5,Underfilled
2019-20,Spring,C00028,Management UG Course 28,SEC000456,4,Underfilled
2019-20,Spring,C00029,Management UG Course 29,SEC000457,2,Underfilled
2019-20,Spring,C00030,Management UG Course 30,SEC000458,39,Overfilled
2019-20,Spring,C00030,Management UG Course 30,SEC000459,39,Overfilled
2019-20,Spring,C00030,Management UG Course 30,SEC000460,38,Overfilled
2019-20,Spring,C00031,Management UG Course 31,SEC000461,1,Underfilled
2019-20,Spring,C00032,Management UG Course 32,SEC000462,1,Underfilled
2019-20,Spring,C00033,Management UG Course 33,SEC000463,37,Overfilled
2019-20,Spring,C00033,Management UG Course 33,SEC000464,37,Overfilled
2019-20,Spring,C00033,Management UG Course 33,SEC000465,37,Overfilled
2019-20,Spring,C00035,Management UG Course 35,SEC000466,3,Underfilled
2019-20,Spring,C00036,Management UG Course 36,SEC000467,1,Underfilled
2019-20,Spring,C00055,Finance UG Course 1,SEC000468,1,Underfilled
2019-20,Spring,C00056,Finance UG Course 2,SEC000469,2,Underfilled
2019-20,Spring,C00057,Finance UG Course 3,SEC000470,1,Underfilled
2019-20,Spring,C00059,Finance UG Course 5,SEC000471,6,Underfilled
2019-20,Spring,C00061,Finance UG Course 7,SEC000472,1,Underfilled
2019-20,Spring,C00063,Finance UG Course 9,SEC000473,3,Underfilled
2019-20,Spring,C00064,Finance UG Course 10,SEC000474,3,Underfilled
2019-20,Spring,C00066,Finance UG Course 12,SEC000475,2,Underfilled
2019-20,Spring,C00067,Finance UG Course 13,SEC000476,3,Underfilled
2019-20,Spring,C00069,Finance UG Course 15,SEC000477,5,Underfilled
2019-20,Spring,C00070,Finance UG Course 16,SEC000478,3,Underfilled
2019-20,Spring,C00072,Finance UG Course 18,SEC000479,1,Underfilled
2019-20,Spring,C00073,Finance UG Course 19,SEC000480,35,Overfilled
2019-20,Spring,C00073,Finance UG Course 19,SEC000481,35,Overfilled
2019-20,Spring,C00073,Finance UG Course 19,SEC000482,34,Overfilled
2019-20,Spring,C00074,Finance UG Course 20,SEC000483,3,Underfilled
2019-20,Spring,C00076,Finance UG Course 22,SEC000484,5,Underfilled
2019-20,Spring,C00079,Finance UG Course 25,SEC000485,6,Underfilled
2019-20,Spring,C00080,Finance UG Course 26,SEC000486,2,Underfilled
2019-20,Spring,C00082,Finance UG Course 28,SEC000487,2,Underfilled
2019-20,Spring,C00083,Finance UG Course 29,SEC000488,1,Underfilled
2019-20,Spring,C00087,Finance UG Course 33,SEC000489,3,Underfilled
2019-20,Spring,C00088,Finance UG Course 34,SEC000490,2,Underfilled
2019-20,Spring,C00089,Finance UG Course 35,SEC000491,1,Underfilled
2019-20,Spring,C00090,Finance UG Course 36,SEC000492,6,Underfilled
2019-20,Spring,C00091,Finance UG Course 37,SEC000493,8,Underfilled
2019-20,Spring,C00093,Finance UG Course 39,SEC000494,1,Underfilled
2019-20,Spring,C00094,Finance UG Course 40,SEC000495,5,Underfilled
2019-20,Spring,C00110,Marketing UG Course 2,SEC000496,2,Underfilled
2019-20,Spring,C00112,Marketing UG Course 4,SEC000497,4,Underfilled
2019-20,Spring,C00113,Marketing UG Course 5,SEC000498,4,Underfilled
2019-20,Spring,C00115,Marketing UG Course 7,SEC000499,5,Underfilled
2019-20,Spring,C00117,Marketing UG Course 9,SEC000500,4,Underfilled
2019-20,Spring,C00118,Marketing UG Course 10,SEC000501,38,Overfilled
2019-20,Spring,C00119,Marketing UG Course 11,SEC000502,4,Underfilled
2019-20,Spring,C00121,Marketing UG Course 13,SEC000503,1,Underfilled
2019-20,Spring,C00122,Marketing UG Course 14,SEC000504,35,Overfilled
2019-20,Spring,C00123,Marketing UG Course 15,SEC000505,39,Overfilled
2019-20,Spring,C00123,Marketing UG Course 15,SEC000506,38,Overfilled
2019-20,Spring,C00123,Marketing UG Course 15,SEC000507,38,Overfilled
2019-20,Spring,C00125,Marketing UG Course 17,SEC000508,8,Underfilled
2019-20,Spring,C00126,Marketing UG Course 18,SEC000509,1,Underfilled
2019-20,Spring,C00127,Marketing UG Course 19,SEC000510,41,Overfilled
2019-20,Spring,C00129,Marketing UG Course 21,SEC000511,1,Underfilled
2019-20,Spring,C00130,Marketing UG Course 22,SEC000512,2,Underfilled
2019-20,Spring,C00132,Marketing UG Course 24,SEC000513,3,Underfilled
2019-20,Spring,C00133,Marketing UG Course 25,SEC000514,6,Underfilled
2019-20,Spring,C00134,Marketing UG Course 26,SEC000515,3,Underfilled
2019-20,Spring,C00136,Marketing UG Course 28,SEC000516,1,Underfilled
2019-20,Spring,C00137,Marketing UG Course 29,SEC000517,2,Underfilled
2019-20,Spring,C00139,Marketing UG Course 31,SEC000518,4,Underfilled
2019-20,Spring,C00140,Marketing UG Course 32,SEC000519,2,Underfilled
2019-20,Spring,C00141,Marketing UG Course 33,SEC000520,1,Underfilled
2019-20,Spring,C00144,Marketing UG Course 36,SEC000521,4,Underfilled
2019-20,Spring,C00146,Marketing UG Course 38,SEC000522,3,Underfilled
2019-20,Spring,C00164,Civil UG Course 2,SEC000523,5,Underfilled
2019-20,Spring,C00166,Civil UG Course 4,SEC000524,4,Underfilled
2019-20,Spring,C00170,Civil UG Course 8,SEC000525,3,Underfilled
2019-20,Spring,C00171,Civil UG Course 9,SEC000526,3,Underfilled
2019-20,Spring,C00172,Civil UG Course 10,SEC000527,15,Underfilled
2019-20,Spring,C00173,Civil UG Course 11,SEC000528,2,Underfilled
2019-20,Spring,C00175,Civil UG Course 13,SEC000529,7,Underfilled
2019-20,Spring,C00176,Civil UG Course 14,SEC000530,2,Underfilled
2019-20,Spring,C00178,Civil UG Course 16,SEC000531,3,Underfilled
2019-20,Spring,C00179,Civil UG Course 17,SEC000532,3,Underfilled
2019-20,Spring,C00180,Civil UG Course 18,SEC000533,4,Underfilled
2019-20,Spring,C00181,Civil UG Course 19,SEC000534,3,Underfilled
2019-20,Spring,C00182,Civil UG Course 20,SEC000535,5,Underfilled
2019-20,Spring,C00183,Civil UG Course 21,SEC000536,3,Underfilled
2019-20,Spring,C00187,Civil UG Course 25,SEC000537,2,Underfilled
2019-20,Spring,C00188,Civil UG Course 26,SEC000538,1,Underfilled
2019-20,Spring,C00189,Civil UG Course 27,SEC000539,1,Underfilled
2019-20,Spring,C00190,Civil UG Course 28,SEC000540,5,Underfilled
2019-20,Spring,C00191,Civil UG Course 29,SEC000541,1,Underfilled
2019-20,Spring,C00192,Civil UG Course 30,SEC000542,1,Underfilled
2019-20,Spring,C00193,Civil UG Course 31,SEC000543,8,Underfilled
2019-20,Spring,C00194,Civil UG Course 32,SEC000544,4,Underfilled
2019-20,Spring,C00195,Civil UG Course 33,SEC000545,2,Underfilled
2019-20,Spring,C00197,Civil UG Course 35,SEC000546,4,Underfilled
2019-20,Spring,C00199,Civil UG Course 37,SEC000547,3,Underfilled
2019-20,Spring,C00201,Civil UG Course 39,SEC000548,4,Underfilled
2019-20,Spring,C00204,Civil PG Course 2,SEC000549,17,Underfilled
2019-20,Spring,C00206,Civil PG Course 4,SEC000550,25,Optimal
2019-20,Spring,C00209,Civil PG Course 7,SEC000551,1,Underfilled
2019-20,Spring,C00210,Civil PG Course 8,SEC000552,22,Optimal
2019-20,Spring,C00212,Civil PG Course 10,SEC000553,1,Underfilled
2019-20,Spring,C00213,Civil PG Course 11,SEC000554,26,Optimal
2019-20,Spring,C00214,Civil PG Course 12,SEC000555,24,Optimal
2019-20,Spring,C00219,Mechanical UG Course 3,SEC000556,5,Underfilled
2019-20,Spring,C00223,Mechanical UG Course 7,SEC000557,1,Underfilled
2019-20,Spring,C00225,Mechanical UG Course 9,SEC000558,6,Underfilled
2019-20,Spring,C00226,Mechanical UG Course 10,SEC000559,1,Underfilled
2019-20,Spring,C00227,Mechanical UG Course 11,SEC000560,28,Optimal
2019-20,Spring,C00227,Mechanical UG Course 11,SEC000561,28,Optimal
2019-20,Spring,C00228,Mechanical UG Course 12,SEC000562,12,Underfilled
2019-20,Spring,C00229,Mechanical UG Course 13,SEC000563,2,Underfilled
2019-20,Spring,C00230,Mechanical UG Course 14,SEC000564,3,Underfilled
2019-20,Spring,C00231,Mechanical UG Course 15,SEC000565,3,Underfilled
2019-20,Spring,C00235,Mechanical UG Course 19,SEC000566,2,Underfilled
2019-20,Spring,C00239,Mechanical UG Course 23,SEC000567,6,Underfilled
2019-20,Spring,C00240,Mechanical UG Course 24,SEC000568,4,Underfilled
2019-20,Spring,C00246,Mechanical UG Course 30,SEC000569,4,Underfilled
2019-20,Spring,C00247,Mechanical UG Course 31,SEC000570,4,Underfilled
2019-20,Spring,C00250,Mechanical UG Course 34,SEC000571,1,Underfilled
2019-20,Spring,C00252,Mechanical UG Course 36,SEC000572,3,Underfilled
2019-20,Spring,C00253,Mechanical UG Course 37,SEC000573,30,Optimal
2019-20,Spring,C00253,Mechanical UG Course 37,SEC000574,29,Optimal
2019-20,Spring,C00254,Mechanical UG Course 38,SEC000575,2,Underfilled
2019-20,Spring,C00255,Mechanical UG Course 39,SEC000576,1,Underfilled
2019-20,Spring,C00257,Mechanical PG Course 1,SEC000577,26,Optimal
2019-20,Spring,C00259,Mechanical PG Course 3,SEC000578,11,Underfilled
2019-20,Spring,C00260,Mechanical PG Course 4,SEC000579,1,Underfilled
2019-20,Spring,C00261,Mechanical PG Course 5,SEC000580,1,Underfilled
2019-20,Spring,C00262,Mechanical PG Course 6,SEC000581,9,Underfilled
2019-20,Spring,C00264,Mechanical PG Course 8,SEC000582,1,Underfilled
2019-20,Spring,C00265,Mechanical PG Course 9,SEC000583,3,Underfilled
2019-20,Spring,C00266,Mechanical PG Course 10,SEC000584,5,Underfilled
2019-20,Spring,C00268,Mechanical PG Course 12,SEC000585,7,Underfilled
2019-20,Spring,C00269,Mechanical PG Course 13,SEC000586,18,Underfilled
2019-20,Spring,C00271,Electrical UG Course 1,SEC000587,2,Underfilled
2019-20,Spring,C00272,Electrical UG Course 2,SEC000588,13,Underfilled
2019-20,Spring,C00279,Electrical UG Course 9,SEC000589,1,Underfilled
2019-20,Spring,C00281,Electrical UG Course 11,SEC000590,1,Underfilled
2019-20,Spring,C00284,Electrical UG Course 14,SEC000591,26,Optimal
2019-20,Spring,C00284,Electrical UG Course 14,SEC000592,25,Optimal
2019-20,Spring,C00296,Electrical UG Course 26,SEC000593,29,Optimal
2019-20,Spring,C00296,Electrical UG Course 26,SEC000594,29,Optimal
2019-20,Spring,C00297,Electrical UG Course 27,SEC000595,1,Underfilled
2019-20,Spring,C00301,Electrical UG Course 31,SEC000596,26,Optimal
2019-20,Spring,C00301,Electrical UG Course 31,SEC000597,26,Optimal
2019-20,Spring,C00313,Electrical PG Course 3,SEC000598,11,Underfilled
2019-20,Spring,C00314,Electrical PG Course 4,SEC000599,2,Underfilled
2019-20,Spring,C00315,Electrical PG Course 5,SEC000600,19,Underfilled
2019-20,Spring,C00316,Electrical PG Course 6,SEC000601,15,Underfilled
2019-20,Spring,C00317,Electrical PG Course 7,SEC000602,2,Underfilled
2019-20,Spring,C00318,Electrical PG Course 8,SEC000603,19,Underfilled
2019-20,Spring,C00318,Electrical PG Course 8,SEC000604,18,Underfilled
2019-20,Spring,C00319,Electrical PG Course 9,SEC000605,19,Underfilled
2019-20,Spring,C00323,Electrical PG Course 13,SEC000606,18,Underfilled
2019-20,Spring,C00323,Electrical PG Course 13,SEC000607,18,Underfilled
2019-20,Spring,C00325,Computer Science UG Course 1,SEC000608,7,Underfilled
2019-20,Spring,C00326,Computer Science UG Course 2,SEC000609,1,Underfilled
2019-20,Spring,C00328,Computer Science UG Course 4,SEC000610,4,Underfilled
2019-20,Spring,C00330,Computer Science UG Course 6,SEC000611,2,Underfilled
2019-20,Spring,C00331,Computer Science UG Course 7,SEC000612,3,Underfilled
2019-20,Spring,C00332,Computer Science UG Course 8,SEC000613,3,Underfilled
2019-20,Spring,C00333,Computer Science UG Course 9,SEC000614,42,Overfilled
2019-20,Spring,C00333,Computer Science UG Course 9,SEC000615,41,Overfilled
2019-20,Spring,C00337,Computer Science UG Course 13,SEC000616,1,Underfilled
2019-20,Spring,C00340,Computer Science UG Course 16,SEC000617,4,Underfilled
2019-20,Spring,C00341,Computer Science UG Course 17,SEC000618,5,Underfilled
2019-20,Spring,C00342,Computer Science UG Course 18,SEC000619,39,Overfilled
2019-20,Spring,C00342,Computer Science UG Course 18,SEC000620,38,Overfilled
2019-20,Spring,C00345,Computer Science UG Course 21,SEC000621,2,Underfilled
2019-20,Spring,C00347,Computer Science UG Course 23,SEC000622,22,Optimal
2019-20,Spring,C00348,Computer Science UG Course 24,SEC000623,1,Underfilled
2019-20,Spring,C00349,Computer Science UG Course 25,SEC000624,2,Underfilled
2019-20,Spring,C00351,Computer Science UG Course 27,SEC000625,4,Underfilled
2019-20,Spring,C00354,Computer Science UG Course 30,SEC000626,1,Underfilled
2019-20,Spring,C00355,Computer Science UG Course 31,SEC000627,3,Underfilled
2019-20,Spring,C00356,Computer Science UG Course 32,SEC000628,2,Underfilled
2019-20,Spring,C00357,Computer Science UG Course 33,SEC000629,2,Underfilled
2019-20,Spring,C00359,Computer Science UG Course 35,SEC000630,2,Underfilled
2019-20,Spring,C00361,Computer Science UG Course 37,SEC000631,4,Underfilled
2019-20,Spring,C00362,Computer Science UG Course 38,SEC000632,1,Underfilled
2019-20,Spring,C00363,Computer Science UG Course 39,SEC000633,4,Underfilled
2019-20,Spring,C00364,Computer Science UG Course 40,SEC000634,2,Underfilled
2019-20,Spring,C00379,Data Science UG Course 1,SEC000635,3,Underfilled
2019-20,Spring,C00381,Data Science UG Course 3,SEC000636,7,Underfilled
2019-20,Spring,C00383,Data Science UG Course 5,SEC000637,4,Underfilled
2019-20,Spring,C00384,Data Science UG Course 6,SEC000638,5,Underfilled
2019-20,Spring,C00389,Data Science UG Course 11,SEC000639,1,Underfilled
2019-20,Spring,C00391,Data Science UG Course 13,SEC000640,2,Underfilled
2019-20,Spring,C00392,Data Science UG Course 14,SEC000641,3,Underfilled
2019-20,Spring,C00394,Data Science UG Course 16,SEC000642,5,Underfilled
2019-20,Spring,C00395,Data Science UG Course 17,SEC000643,2,Underfilled
2019-20,Spring,C00397,Data Science UG Course 19,SEC000644,1,Underfilled
2019-20,Spring,C00398,Data Science UG Course 20,SEC000645,5,Underfilled
2019-20,Spring,C00399,Data Science UG Course 21,SEC000646,1,Underfilled
2019-20,Spring,C00401,Data Science UG Course 23,SEC000647,31,Overfilled
2019-20,Spring,C00401,Data Science UG Course 23,SEC000648,31,Overfilled
2019-20,Spring,C00401,Data Science UG Course 23,SEC000649,30,Optimal
2019-20,Spring,C00403,Data Science UG Course 25,SEC000650,25,Optimal
2019-20,Spring,C00406,Data Science UG Course 28,SEC000651,7,Underfilled
2019-20,Spring,C00408,Data Science UG Course 30,SEC000652,29,Optimal
2019-20,Spring,C00408,Data Science UG Course 30,SEC000653,28,Optimal
2019-20,Spring,C00408,Data Science UG Course 30,SEC000654,28,Optimal
2019-20,Spring,C00409,Data Science UG Course 31,SEC000655,3,Underfilled
2019-20,Spring,C00413,Data Science UG Course 35,SEC000656,7,Underfilled
2019-20,Spring,C00414,Data Science UG Course 36,SEC000657,31,Overfilled
2019-20,Spring,C00414,Data Science UG Course 36,SEC000658,30,Optimal
2019-20,Spring,C00414,Data Science UG Course 36,SEC000659,30,Optimal
2019-20,Spring,C00415,Data Science UG Course 37,SEC000660,6,Underfilled
2019-20,Spring,C00416,Data Science UG Course 38,SEC000661,9,Underfilled
2019-20,Spring,C00417,Data Science UG Course 39,SEC000662,1,Underfilled
2019-20,Spring,C00424,Data Science PG Course 6,SEC000663,15,Underfilled
2019-20,Spring,C00426,Data Science PG Course 8,SEC000664,1,Underfilled
2019-20,Spring,C00433,Cybersecurity UG Course 1,SEC000665,3,Underfilled
2019-20,Spring,C00434,Cybersecurity UG Course 2,SEC000666,1,Underfilled
2019-20,Spring,C00435,Cybersecurity UG Course 3,SEC000667,3,Underfilled
2019-20,Spring,C00436,Cybersecurity UG Course 4,SEC000668,3,Underfilled
2019-20,Spring,C00438,Cybersecurity UG Course 6,SEC000669,3,Underfilled
2019-20,Spring,C00441,Cybersecurity UG Course 9,SEC000670,5,Underfilled
2019-20,Spring,C00442,Cybersecurity UG Course 10,SEC000671,2,Underfilled
2019-20,Spring,C00444,Cybersecurity UG Course 12,SEC000672,4,Underfilled
2019-20,Spring,C00446,Cybersecurity UG Course 14,SEC000673,3,Underfilled
2019-20,Spring,C00447,Cybersecurity UG Course 15,SEC000674,3,Underfilled
2019-20,Spring,C00449,Cybersecurity UG Course 17,SEC000675,3,Underfilled
2019-20,Spring,C00452,Cybersecurity UG Course 20,SEC000676,1,Underfilled
2019-20,Spring,C00456,Cybersecurity UG Course 24,SEC000677,1,Underfilled
2019-20,Spring,C00457,Cybersecurity UG Course 25,SEC000678,1,Underfilled
2019-20,Spring,C00458,Cybersecurity UG Course 26,SEC000679,2,Underfilled
2019-20,Spring,C00459,Cybersecurity UG Course 27,SEC000680,22,Optimal
2019-20,Spring,C00461,Cybersecurity UG Course 29,SEC000681,2,Underfilled
2019-20,Spring,C00462,Cybersecurity UG Course 30,SEC000682,1,Underfilled
2019-20,Spring,C00463,Cybersecurity UG Course 31,SEC000683,4,Underfilled
2019-20,Spring,C00465,Cybersecurity UG Course 33,SEC000684,1,Underfilled
2019-20,Spring,C00468,Cybersecurity UG Course 36,SEC000685,5,Underfilled
2019-20,Spring,C00474,Cybersecurity PG Course 2,SEC000686,12,Underfilled
2019-20,Spring,C00476,Cybersecurity PG Course 4,SEC000687,21,Optimal
2019-20,Spring,C00479,Cybersecurity PG Course 7,SEC000688,1,Underfilled
2019-20,Spring,C00480,Cybersecurity PG Course 8,SEC000689,12,Underfilled
2019-20,Spring,C00483,Cybersecurity PG Course 11,SEC000690,19,Underfilled
2019-20,Spring,C00484,Cybersecurity PG Course 12,SEC000691,14,Underfilled
2019-20,Spring,C00485,Cybersecurity PG Course 13,SEC000692,1,Underfilled
2019-20,Spring,C00486,Cybersecurity PG Course 14,SEC000693,6,Underfilled
2019-20,Spring,C00487,Nursing UG Course 1,SEC000694,2,Underfilled
2019-20,Spring,C00488,Nursing UG Course 2,SEC000695,3,Underfilled
2019-20,Spring,C00489,Nursing UG Course 3,SEC000696,1,Underfilled
2019-20,Spring,C00490,Nursing UG Course 4,SEC000697,26,Optimal
2019-20,Spring,C00490,Nursing UG Course 4,SEC000698,26,Optimal
2019-20,Spring,C00490,Nursing UG Course 4,SEC000699,26,Optimal
2019-20,Spring,C00490,Nursing UG Course 4,SEC000700,26,Optimal
2019-20,Spring,C00492,Nursing UG Course 6,SEC000701,3,Underfilled
2019-20,Spring,C00494,Nursing UG Course 8,SEC000702,1,Underfilled
2019-20,Spring,C00495,Nursing UG Course 9,SEC000703,26,Optimal
2019-20,Spring,C00495,Nursing UG Course 9,SEC000704,26,Optimal
2019-20,Spring,C00495,Nursing UG Course 9,SEC000705,25,Optimal
2019-20,Spring,C00495,Nursing UG Course 9,SEC000706,25,Optimal
2019-20,Spring,C00499,Nursing UG Course 13,SEC000707,2,Underfilled
2019-20,Spring,C00502,Nursing UG Course 16,SEC000708,10,Underfilled
2019-20,Spring,C00505,Nursing UG Course 19,SEC000709,8,Underfilled
2019-20,Spring,C00507,Nursing UG Course 21,SEC000710,1,Underfilled
2019-20,Spring,C00508,Nursing UG Course 22,SEC000711,3,Underfilled
2019-20,Spring,C00509,Nursing UG Course 23,SEC000712,1,Underfilled
2019-20,Spring,C00513,Nursing UG Course 27,SEC000713,1,Underfilled
2019-20,Spring,C00515,Nursing UG Course 29,SEC000714,2,Underfilled
2019-20,Spring,C00517,Nursing UG Course 31,SEC000715,26,Optimal
2019-20,Spring,C00517,Nursing UG Course 31,SEC000716,26,Optimal
2019-20,Spring,C00517,Nursing UG Course 31,SEC000717,26,Optimal
2019-20,Spring,C00517,Nursing UG Course 31,SEC000718,25,Optimal
2019-20,Spring,C00518,Nursing UG Course 32,SEC000719,2,Underfilled
2019-20,Spring,C00519,Nursing UG Course 33,SEC000720,2,Underfilled
2019-20,Spring,C00520,Nursing UG Course 34,SEC000721,29,Optimal
2019-20,Spring,C00520,Nursing UG Course 34,SEC000722,28,Optimal
2019-20,Spring,C00520,Nursing UG Course 34,SEC000723,28,Optimal
2019-20,Spring,C00520,Nursing UG Course 34,SEC000724,28,Optimal
2019-20,Spring,C00522,Nursing UG Course 36,SEC000725,1,Underfilled
2019-20,Spring,C00528,Nursing PG Course 2,SEC000726,5,Underfilled
2019-20,Spring,C00530,Nursing PG Course 4,SEC000727,22,Optimal
2019-20,Spring,C00531,Nursing PG Course 5,SEC000728,6,Underfilled
2019-20,Spring,C00532,Nursing PG Course 6,SEC000729,4,Underfilled
2019-20,Spring,C00533,Nursing PG Course 7,SEC000730,1,Underfilled
2019-20,Spring,C00534,Nursing PG Course 8,SEC000731,26,Optimal
2019-20,Spring,C00537,Nursing PG Course 11,SEC000732,6,Underfilled
2019-20,Spring,C00540,Nursing PG Course 14,SEC000733,4,Underfilled
2019-20,Spring,C00541,Public Health UG Course 1,SEC000734,27,Optimal
2019-20,Spring,C00541,Public Health UG Course 1,SEC000735,27,Optimal
2019-20,Spring,C00541,Public Health UG Course 1,SEC000736,26,Optimal
2019-20,Spring,C00541,Public Health UG Course 1,SEC000737,26,Optimal
2019-20,Spring,C00542,Public Health UG Course 2,SEC000738,1,Underfilled
2019-20,Spring,C00543,Public Health UG Course 3,SEC000739,4,Underfilled
2019-20,Spring,C00544,Public Health UG Course 4,SEC000740,9,Underfilled
2019-20,Spring,C00546,Public Health UG Course 6,SEC000741,2,Underfilled
2019-20,Spring,C00547,Public Health UG Course 7,SEC000742,3,Underfilled
2019-20,Spring,C00550,Public Health UG Course 10,SEC000743,25,Optimal
2019-20,Spring,C00551,Public Health UG Course 11,SEC000744,3,Underfilled
2019-20,Spring,C00552,Public Health UG Course 12,SEC000745,6,Underfilled
2019-20,Spring,C00553,Public Health UG Course 13,SEC000746,2,Underfilled
2019-20,Spring,C00555,Public Health UG Course 15,SEC000747,5,Underfilled
2019-20,Spring,C00557,Public Health UG Course 17,SEC000748,1,Underfilled
2019-20,Spring,C00560,Public Health UG Course 20,SEC000749,6,Underfilled
2019-20,Spring,C00561,Public Health UG Course 21,SEC000750,7,Underfilled
2019-20,Spring,C00564,Public Health UG Course 24,SEC000751,2,Underfilled
2019-20,Spring,C00565,Public Health UG Course 25,SEC000752,4,Underfilled
2019-20,Spring,C00566,Public Health UG Course 26,SEC000753,6,Underfilled
2019-20,Spring,C00568,Public Health UG Course 28,SEC000754,1,Underfilled
2019-20,Spring,C00571,Public Health UG Course 31,SEC000755,4,Underfilled
2019-20,Spring,C00574,Public Health UG Course 34,SEC000756,2,Underfilled
2019-20,Spring,C00575,Public Health UG Course 35,SEC000757,1,Underfilled
2019-20,Spring,C00576,Public Health UG Course 36,SEC000758,5,Underfilled
2019-20,Spring,C00578,Public Health UG Course 38,SEC000759,2,Underfilled
2019-20,Spring,C00589,Public Health PG Course 9,SEC000760,1,Underfilled
2019-20,Spring,C00590,Public Health PG Course 10,SEC000761,2,Underfilled
2019-20,Spring,C00595,Pharmacy UG Course 1,SEC000762,4,Underfilled
2019-20,Spring,C00598,Pharmacy UG Course 4,SEC000763,1,Underfilled
2019-20,Spring,C00599,Pharmacy UG Course 5,SEC000764,2,Underfilled
2019-20,Spring,C00600,Pharmacy UG Course 6,SEC000765,6,Underfilled
2019-20,Spring,C00601,Pharmacy UG Course 7,SEC000766,26,Optimal
2019-20,Spring,C00603,Pharmacy UG Course 9,SEC000767,9,Underfilled
2019-20,Spring,C00606,Pharmacy UG Course 12,SEC000768,1,Underfilled
2019-20,Spring,C00607,Pharmacy UG Course 13,SEC000769,2,Underfilled
2019-20,Spring,C00608,Pharmacy UG Course 14,SEC000770,6,Underfilled
2019-20,Spring,C00613,Pharmacy UG Course 19,SEC000771,2,Underfilled
2019-20,Spring,C00614,Pharmacy UG Course 20,SEC000772,3,Underfilled
2019-20,Spring,C00615,Pharmacy UG Course 21,SEC000773,1,Underfilled
2019-20,Spring,C00618,Pharmacy UG Course 24,SEC000774,3,Underfilled
2019-20,Spring,C00619,Pharmacy UG Course 25,SEC000775,3,Underfilled
2019-20,Spring,C00621,Pharmacy UG Course 27,SEC000776,1,Underfilled
2019-20,Spring,C00622,Pharmacy UG Course 28,SEC000777,1,Underfilled
2019-20,Spring,C00623,Pharmacy UG Course 29,SEC000778,4,Underfilled
2019-20,Spring,C00624,Pharmacy UG Course 30,SEC000779,2,Underfilled
2019-20,Spring,C00629,Pharmacy UG Course 35,SEC000780,1,Underfilled
2019-20,Spring,C00630,Pharmacy UG Course 36,SEC000781,10,Underfilled
2019-20,Spring,C00631,Pharmacy UG Course 37,SEC000782,3,Underfilled
2019-20,Spring,C00632,Pharmacy UG Course 38,SEC000783,2,Underfilled
2019-20,Spring,C00634,Pharmacy UG Course 40,SEC000784,23,Optimal
2019-20,Spring,C00640,Pharmacy PG Course 6,SEC000785,3,Underfilled
2019-20,Spring,C00642,Pharmacy PG Course 8,SEC000786,1,Underfilled
2019-20,Spring,C00643,Pharmacy PG Course 9,SEC000787,2,Underfilled
2019-20,Spring,C00644,Pharmacy PG Course 10,SEC000788,19,Underfilled
2019-20,Spring,C00650,Psychology UG Course 2,SEC000789,34,Overfilled
2019-20,Spring,C00650,Psychology UG Course 2,SEC000790,34,Overfilled
2019-20,Spring,C00650,Psychology UG Course 2,SEC000791,34,Overfilled
2019-20,Spring,C00651,Psychology UG Course 3,SEC000792,1,Underfilled
2019-20,Spring,C00652,Psychology UG Course 4,SEC000793,2,Underfilled
2019-20,Spring,C00653,Psychology UG Course 5,SEC000794,2,Underfilled
2019-20,Spring,C00654,Psychology UG Course 6,SEC000795,7,Underfilled
2019-20,Spring,C00655,Psychology UG Course 7,SEC000796,14,Underfilled
2019-20,Spring,C00656,Psychology UG Course 8,SEC000797,9,Underfilled
2019-20,Spring,C00658,Psychology UG Course 10,SEC000798,6,Underfilled
2019-20,Spring,C00660,Psychology UG Course 12,SEC000799,3,Underfilled
2019-20,Spring,C00661,Psychology UG Course 13,SEC000800,3,Underfilled
2019-20,Spring,C00662,Psychology UG Course 14,SEC000801,1,Underfilled
2019-20,Spring,C00665,Psychology UG Course 17,SEC000802,8,Underfilled
2019-20,Spring,C00666,Psychology UG Course 18,SEC000803,27,Optimal
2019-20,Spring,C00668,Psychology UG Course 20,SEC000804,7,Underfilled
2019-20,Spring,C00669,Psychology UG Course 21,SEC000805,2,Underfilled
2019-20,Spring,C00670,Psychology UG Course 22,SEC000806,1,Underfilled
2019-20,Spring,C00671,Psychology UG Course 23,SEC000807,4,Underfilled
2019-20,Spring,C00672,Psychology UG Course 24,SEC000808,2,Underfilled
2019-20,Spring,C00674,Psychology UG Course 26,SEC000809,3,Underfilled
2019-20,Spring,C00675,Psychology UG Course 27,SEC000810,3,Underfilled
2019-20,Spring,C00677,Psychology UG Course 29,SEC000811,2,Underfilled
2019-20,Spring,C00678,Psychology UG Course 30,SEC000812,1,Underfilled
2019-20,Spring,C00679,Psychology UG Course 31,SEC000813,1,Underfilled
2019-20,Spring,C00680,Psychology UG Course 32,SEC000814,6,Underfilled
2019-20,Spring,C00681,Psychology UG Course 33,SEC000815,1,Underfilled
2019-20,Spring,C00682,Psychology UG Course 34,SEC000816,1,Underfilled
2019-20,Spring,C00683,Psychology UG Course 35,SEC000817,4,Underfilled
2019-20,Spring,C00684,Psychology UG Course 36,SEC000818,5,Underfilled
2019-20,Spring,C00685,Psychology UG Course 37,SEC000819,30,Optimal
2019-20,Spring,C00686,Psychology UG Course 38,SEC000820,33,Overfilled
2019-20,Spring,C00686,Psychology UG Course 38,SEC000821,33,Overfilled
2019-20,Spring,C00686,Psychology UG Course 38,SEC000822,32,Overfilled
2019-20,Spring,C00688,Psychology UG Course 40,SEC000823,6,Underfilled
2019-20,Spring,C00703,Education UG Course 1,SEC000824,3,Underfilled
2019-20,Spring,C00704,Education UG Course 2,SEC000825,1,Underfilled
2019-20,Spring,C00705,Education UG Course 3,SEC000826,1,Underfilled
2019-20,Spring,C00707,Education UG Course 5,SEC000827,1,Underfilled
2019-20,Spring,C00709,Education UG Course 7,SEC000828,1,Underfilled
2019-20,Spring,C00710,Education UG Course 8,SEC000829,3,Underfilled
2019-20,Spring,C00711,Education UG Course 9,SEC000830,3,Underfilled
2019-20,Spring,C00713,Education UG Course 11,SEC000831,1,Underfilled
2019-20,Spring,C00714,Education UG Course 12,SEC000832,1,Underfilled
2019-20,Spring,C00716,Education UG Course 14,SEC000833,3,Underfilled
2019-20,Spring,C00717,Education UG Course 15,SEC000834,3,Underfilled
2019-20,Spring,C00720,Education UG Course 18,SEC000835,8,Underfilled
2019-20,Spring,C00722,Education UG Course 20,SEC000836,2,Underfilled
2019-20,Spring,C00724,Education UG Course 22,SEC000837,2,Underfilled
2019-20,Spring,C00725,Education UG Course 23,SEC000838,4,Underfilled
2019-20,Spring,C00726,Education UG Course 24,SEC000839,3,Underfilled
2019-20,Spring,C00727,Education UG Course 25,SEC000840,4,Underfilled
2019-20,Spring,C00728,Education UG Course 26,SEC000841,38,Overfilled
2019-20,Spring,C00728,Education UG Course 26,SEC000842,38,Overfilled
2019-20,Spring,C00728,Education UG Course 26,SEC000843,38,Overfilled
2019-20,Spring,C00730,Education UG Course 28,SEC000844,4,Underfilled
2019-20,Spring,C00731,Education UG Course 29,SEC000845,6,Underfilled
2019-20,Spring,C00732,Education UG Course 30,SEC000846,2,Underfilled
2019-20,Spring,C00733,Education UG Course 31,SEC000847,3,Underfilled
2019-20,Spring,C00734,Education UG Course 32,SEC000848,4,Underfilled
2019-20,Spring,C00735,Education UG Course 33,SEC000849,1,Underfilled
2019-20,Spring,C00741,Education UG Course 39,SEC000850,4,Underfilled
2019-20,Spring,C00758,Media UG Course 2,SEC000851,1,Underfilled
2019-20,Spring,C00760,Media UG Course 4,SEC000852,1,Underfilled
2019-20,Spring,C00761,Media UG Course 5,SEC000853,9,Underfilled
2019-20,Spring,C00762,Media UG Course 6,SEC000854,34,Overfilled
2019-20,Spring,C00762,Media UG Course 6,SEC000855,33,Overfilled
2019-20,Spring,C00762,Media UG Course 6,SEC000856,33,Overfilled
2019-20,Spring,C00763,Media UG Course 7,SEC000857,4,Underfilled
2019-20,Spring,C00764,Media UG Course 8,SEC000858,32,Overfilled
2019-20,Spring,C00765,Media UG Course 9,SEC000859,1,Underfilled
2019-20,Spring,C00766,Media UG Course 10,SEC000860,3,Underfilled
2019-20,Spring,C00767,Media UG Course 11,SEC000861,4,Underfilled
2019-20,Spring,C00768,Media UG Course 12,SEC000862,1,Underfilled
2019-20,Spring,C00770,Media UG Course 14,SEC000863,8,Underfilled
2019-20,Spring,C00773,Media UG Course 17,SEC000864,1,Underfilled
2019-20,Spring,C00777,Media UG Course 21,SEC000865,2,Underfilled
2019-20,Spring,C00780,Media UG Course 24,SEC000866,36,Overfilled
2019-20,Spring,C00780,Media UG Course 24,SEC000867,35,Overfilled
2019-20,Spring,C00780,Media UG Course 24,SEC000868,35,Overfilled
2019-20,Spring,C00783,Media UG Course 27,SEC000869,1,Underfilled
2019-20,Spring,C00785,Media UG Course 29,SEC000870,4,Underfilled
2019-20,Spring,C00788,Media UG Course 32,SEC000871,6,Underfilled
2019-20,Spring,C00790,Media UG Course 34,SEC000872,14,Underfilled
2019-20,Spring,C00792,Media UG Course 36,SEC000873,9,Underfilled
2019-20,Spring,C00795,Media UG Course 39,SEC000874,8,Underfilled
2019-20,Spring,C00796,Media UG Course 40,SEC000875,1,Underfilled
2020-21,Fall,C00002,Management UG Course 2,SEC000876,1,Underfilled
2020-21,Fall,C00003,Management UG Course 3,SEC000877,12,Underfilled
2020-21,Fall,C00004,Management UG Course 4,SEC000878,2,Underfilled
2020-21,Fall,C00005,Management UG Course 5,SEC000879,9,Underfilled
2020-21,Fall,C00007,Management UG Course 7,SEC000880,7,Underfilled
2020-21,Fall,C00011,Management UG Course 11,SEC000881,4,Underfilled
2020-21,Fall,C00013,Management UG Course 13,SEC000882,4,Underfilled
2020-21,Fall,C00014,Management UG Course 14,SEC000883,4,Underfilled
2020-21,Fall,C00015,Management UG Course 15,SEC000884,1,Underfilled
2020-21,Fall,C00016,Management UG Course 16,SEC000885,5,Underfilled
2020-21,Fall,C00017,Management UG Course 17,SEC000886,8,Underfilled
2020-21,Fall,C00019,Management UG Course 19,SEC000887,2,Underfilled
2020-21,Fall,C00020,Management UG Course 20,SEC000888,4,Underfilled
2020-21,Fall,C00021,Management UG Course 21,SEC000889,1,Underfilled
2020-21,Fall,C00022,Management UG Course 22,SEC000890,44,Overfilled
2020-21,Fall,C00022,Management UG Course 22,SEC000891,43,Overfilled
2020-21,Fall,C00022,Management UG Course 22,SEC000892,43,Overfilled
2020-21,Fall,C00024,Management UG Course 24,SEC000893,3,Underfilled
2020-21,Fall,C00025,Management UG Course 25,SEC000894,3,Underfilled
2020-21,Fall,C00026,Management UG Course 26,SEC000895,1,Underfilled
2020-21,Fall,C00027,Management UG Course 27,SEC000896,6,Underfilled
2020-21,Fall,C00029,Management UG Course 29,SEC000897,3,Underfilled
2020-21,Fall,C00030,Management UG Course 30,SEC000898,38,Overfilled
2020-21,Fall,C00030,Management UG Course 30,SEC000899,38,Overfilled
2020-21,Fall,C00030,Management UG Course 30,SEC000900,38,Overfilled
2020-21,Fall,C00031,Management UG Course 31,SEC000901,5,Underfilled
2020-21,Fall,C00032,Management UG Course 32,SEC000902,5,Underfilled
2020-21,Fall,C00033,Management UG Course 33,SEC000903,50,Overfilled
2020-21,Fall,C00033,Management UG Course 33,SEC000904,50,Overfilled
2020-21,Fall,C00034,Management UG Course 34,SEC000905,14,Underfilled
2020-21,Fall,C00035,Management UG Course 35,SEC000906,5,Underfilled
2020-21,Fall,C00039,Management UG Course 39,SEC000907,8,Underfilled
2020-21,Fall,C00040,Management UG Course 40,SEC000908,2,Underfilled
2020-21,Fall,C00055,Finance UG Course 1,SEC000909,2,Underfilled
2020-21,Fall,C00056,Finance UG Course 2,SEC000910,3,Underfilled
2020-21,Fall,C00057,Finance UG Course 3,SEC000911,4,Underfilled
2020-21,Fall,C00058,Finance UG Course 4,SEC000912,4,Underfilled
2020-21,Fall,C00060,Finance UG Course 6,SEC000913,3,Underfilled
2020-21,Fall,C00061,Finance UG Course 7,SEC000914,3,Underfilled
2020-21,Fall,C00062,Finance UG Course 8,SEC000915,4,Underfilled
2020-21,Fall,C00063,Finance UG Course 9,SEC000916,4,Underfilled
2020-21,Fall,C00064,Finance UG Course 10,SEC000917,2,Underfilled
2020-21,Fall,C00065,Finance UG Course 11,SEC000918,2,Underfilled
2020-21,Fall,C00068,Finance UG Course 14,SEC000919,2,Underfilled
2020-21,Fall,C00069,Finance UG Course 15,SEC000920,1,Underfilled
2020-21,Fall,C00070,Finance UG Course 16,SEC000921,5,Underfilled
2020-21,Fall,C00071,Finance UG Course 17,SEC000922,1,Underfilled
2020-21,Fall,C00072,Finance UG Course 18,SEC000923,5,Underfilled
2020-21,Fall,C00073,Finance UG Course 19,SEC000924,36,Overfilled
2020-21,Fall,C00073,Finance UG Course 19,SEC000925,36,Overfilled
2020-21,Fall,C00073,Finance UG Course 19,SEC000926,36,Overfilled
2020-21,Fall,C00074,Finance UG Course 20,SEC000927,6,Underfilled
2020-21,Fall,C00075,Finance UG Course 21,SEC000928,3,Underfilled
2020-21,Fall,C00076,Finance UG Course 22,SEC000929,4,Underfilled
2020-21,Fall,C00077,Finance UG Course 23,SEC000930,2,Underfilled
2020-21,Fall,C00078,Finance UG Course 24,SEC000931,1,Underfilled
2020-21,Fall,C00079,Finance UG Course 25,SEC000932,2,Underfilled
2020-21,Fall,C00080,Finance UG Course 26,SEC000933,2,Underfilled
2020-21,Fall,C00081,Finance UG Course 27,SEC000934,8,Underfilled
2020-21,Fall,C00083,Finance UG Course 29,SEC000935,3,Underfilled
2020-21,Fall,C00084,Finance UG Course 30,SEC000936,5,Underfilled
2020-21,Fall,C00085,Finance UG Course 31,SEC000937,2,Underfilled
2020-21,Fall,C00087,Finance UG Course 33,SEC000938,4,Underfilled
2020-21,Fall,C00088,Finance UG Course 34,SEC000939,5,Underfilled
2020-21,Fall,C00090,Finance UG Course 36,SEC000940,3,Underfilled
2020-21,Fall,C00092,Finance UG Course 38,SEC000941,8,Underfilled
2020-21,Fall,C00093,Finance UG Course 39,SEC000942,1,Underfilled
2020-21,Fall,C00109,Marketing UG Course 1,SEC000943,7,Underfilled
2020-21,Fall,C00110,Marketing UG Course 2,SEC000944,1,Underfilled
2020-21,Fall,C00111,Marketing UG Course 3,SEC000945,3,Underfilled
2020-21,Fall,C00114,Marketing UG Course 6,SEC000946,8,Underfilled
2020-21,Fall,C00115,Marketing UG Course 7,SEC000947,2,Underfilled
2020-21,Fall,C00116,Marketing UG Course 8,SEC000948,4,Underfilled
2020-21,Fall,C00117,Marketing UG Course 9,SEC000949,1,Underfilled
2020-21,Fall,C00119,Marketing UG Course 11,SEC000950,2,Underfilled
2020-21,Fall,C00122,Marketing UG Course 14,SEC000951,8,Underfilled
2020-21,Fall,C00123,Marketing UG Course 15,SEC000952,38,Overfilled
2020-21,Fall,C00123,Marketing UG Course 15,SEC000953,38,Overfilled
2020-21,Fall,C00123,Marketing UG Course 15,SEC000954,38,Overfilled
2020-21,Fall,C00126,Marketing UG Course 18,SEC000955,4,Underfilled
2020-21,Fall,C00127,Marketing UG Course 19,SEC000956,3,Underfilled
2020-21,Fall,C00128,Marketing UG Course 20,SEC000957,6,Underfilled
2020-21,Fall,C00129,Marketing UG Course 21,SEC000958,4,Underfilled
2020-21,Fall,C00131,Marketing UG Course 23,SEC000959,8,Underfilled
2020-21,Fall,C00134,Marketing UG Course 26,SEC000960,6,Underfilled
2020-21,Fall,C00135,Marketing UG Course 27,SEC000961,2,Underfilled
2020-21,Fall,C00137,Marketing UG Course 29,SEC000962,2,Underfilled
2020-21,Fall,C00138,Marketing UG Course 30,SEC000963,7,Underfilled
2020-21,Fall,C00139,Marketing UG Course 31,SEC000964,1,Underfilled
2020-21,Fall,C00141,Marketing UG Course 33,SEC000965,7,Underfilled
2020-21,Fall,C00142,Marketing UG Course 34,SEC000966,7,Underfilled
2020-21,Fall,C00145,Marketing UG Course 37,SEC000967,8,Underfilled
2020-21,Fall,C00146,Marketing UG Course 38,SEC000968,1,Underfilled
2020-21,Fall,C00147,Marketing UG Course 39,SEC000969,5,Underfilled
2020-21,Fall,C00163,Civil UG Course 1,SEC000970,5,Underfilled
2020-21,Fall,C00166,Civil UG Course 4,SEC000971,1,Underfilled
2020-21,Fall,C00167,Civil UG Course 5,SEC000972,6,Underfilled
2020-21,Fall,C00168,Civil UG Course 6,SEC000973,2,Underfilled
2020-21,Fall,C00169,Civil UG Course 7,SEC000974,3,Underfilled
2020-21,Fall,C00171,Civil UG Course 9,SEC000975,3,Underfilled
2020-21,Fall,C00172,Civil UG Course 10,SEC000976,3,Underfilled
2020-21,Fall,C00174,Civil UG Course 12,SEC000977,5,Underfilled
2020-21,Fall,C00175,Civil UG Course 13,SEC000978,3,Underfilled
2020-21,Fall,C00176,Civil UG Course 14,SEC000979,3,Underfilled
2020-21,Fall,C00177,Civil UG Course 15,SEC000980,2,Underfilled
2020-21,Fall,C00179,Civil UG Course 17,SEC000981,4,Underfilled
2020-21,Fall,C00180,Civil UG Course 18,SEC000982,5,Underfilled
2020-21,Fall,C00181,Civil UG Course 19,SEC000983,2,Underfilled
2020-21,Fall,C00182,Civil UG Course 20,SEC000984,8,Underfilled
2020-21,Fall,C00186,Civil UG Course 24,SEC000985,9,Underfilled
2020-21,Fall,C00188,Civil UG Course 26,SEC000986,2,Underfilled
2020-21,Fall,C00189,Civil UG Course 27,SEC000987,4,Underfilled
2020-21,Fall,C00191,Civil UG Course 29,SEC000988,5,Underfilled
2020-21,Fall,C00193,Civil UG Course 31,SEC000989,3,Underfilled
2020-21,Fall,C00195,Civil UG Course 33,SEC000990,10,Underfilled
2020-21,Fall,C00196,Civil UG Course 34,SEC000991,8,Underfilled
2020-21,Fall,C00197,Civil UG Course 35,SEC000992,3,Underfilled
2020-21,Fall,C00198,Civil UG Course 36,SEC000993,3,Underfilled
2020-21,Fall,C00199,Civil UG Course 37,SEC000994,1,Underfilled
2020-21,Fall,C00200,Civil UG Course 38,SEC000995,7,Underfilled
2020-21,Fall,C00201,Civil UG Course 39,SEC000996,1,Underfilled
2020-21,Fall,C00202,Civil UG Course 40,SEC000997,2,Underfilled
2020-21,Fall,C00203,Civil PG Course 1,SEC000998,1,Underfilled
2020-21,Fall,C00204,Civil PG Course 2,SEC000999,18,Underfilled
2020-21,Fall,C00206,Civil PG Course 4,SEC001000,26,Optimal
2020-21,Fall,C00209,Civil PG Course 7,SEC001001,1,Underfilled
2020-21,Fall,C00210,Civil PG Course 8,SEC001002,23,Optimal
2020-21,Fall,C00213,Civil PG Course 11,SEC001003,23,Optimal
2020-21,Fall,C00214,Civil PG Course 12,SEC001004,22,Optimal
2020-21,Fall,C00218,Mechanical UG Course 2,SEC001005,5,Underfilled
2020-21,Fall,C00219,Mechanical UG Course 3,SEC001006,5,Underfilled
2020-21,Fall,C00220,Mechanical UG Course 4,SEC001007,2,Underfilled
2020-21,Fall,C00224,Mechanical UG Course 8,SEC001008,4,Underfilled
2020-21,Fall,C00226,Mechanical UG Course 10,SEC001009,2,Underfilled
2020-21,Fall,C00227,Mechanical UG Course 11,SEC001010,26,Optimal
2020-21,Fall,C00227,Mechanical UG Course 11,SEC001011,26,Optimal
2020-21,Fall,C00230,Mechanical UG Course 14,SEC001012,1,Underfilled
2020-21,Fall,C00232,Mechanical UG Course 16,SEC001013,3,Underfilled
2020-21,Fall,C00233,Mechanical UG Course 17,SEC001014,5,Underfilled
2020-21,Fall,C00235,Mechanical UG Course 19,SEC001015,2,Underfilled
2020-21,Fall,C00236,Mechanical UG Course 20,SEC001016,5,Underfilled
2020-21,Fall,C00237,Mechanical UG Course 21,SEC001017,1,Underfilled
2020-21,Fall,C00238,Mechanical UG Course 22,SEC001018,4,Underfilled
2020-21,Fall,C00242,Mechanical UG Course 26,SEC001019,3,Underfilled
2020-21,Fall,C00243,Mechanical UG Course 27,SEC001020,4,Underfilled
2020-21,Fall,C00244,Mechanical UG Course 28,SEC001021,1,Underfilled
2020-21,Fall,C00245,Mechanical UG Course 29,SEC001022,5,Underfilled
2020-21,Fall,C00249,Mechanical UG Course 33,SEC001023,5,Underfilled
2020-21,Fall,C00250,Mechanical UG Course 34,SEC001024,7,Underfilled
2020-21,Fall,C00251,Mechanical UG Course 35,SEC001025,3,Underfilled
2020-21,Fall,C00253,Mechanical UG Course 37,SEC001026,25,Optimal
2020-21,Fall,C00253,Mechanical UG Course 37,SEC001027,24,Optimal
2020-21,Fall,C00257,Mechanical PG Course 1,SEC001028,18,Underfilled
2020-21,Fall,C00259,Mechanical PG Course 3,SEC001029,2,Underfilled
2020-21,Fall,C00260,Mechanical PG Course 4,SEC001030,11,Underfilled
2020-21,Fall,C00264,Mechanical PG Course 8,SEC001031,9,Underfilled
2020-21,Fall,C00265,Mechanical PG Course 9,SEC001032,3,Underfilled
2020-21,Fall,C00266,Mechanical PG Course 10,SEC001033,4,Underfilled
2020-21,Fall,C00268,Mechanical PG Course 12,SEC001034,6,Underfilled
2020-21,Fall,C00269,Mechanical PG Course 13,SEC001035,28,Optimal
2020-21,Fall,C00271,Electrical UG Course 1,SEC001036,1,Underfilled
2020-21,Fall,C00279,Electrical UG Course 9,SEC001037,1,Underfilled
2020-21,Fall,C00281,Electrical UG Course 11,SEC001038,2,Underfilled
2020-21,Fall,C00284,Electrical UG Course 14,SEC001039,27,Optimal
2020-21,Fall,C00284,Electrical UG Course 14,SEC001040,26,Optimal
2020-21,Fall,C00286,Electrical UG Course 16,SEC001041,2,Underfilled
2020-21,Fall,C00296,Electrical UG Course 26,SEC001042,26,Optimal
2020-21,Fall,C00296,Electrical UG Course 26,SEC001043,26,Optimal
2020-21,Fall,C00297,Electrical UG Course 27,SEC001044,1,Underfilled
2020-21,Fall,C00301,Electrical UG Course 31,SEC001045,30,Optimal
2020-21,Fall,C00301,Electrical UG Course 31,SEC001046,29,Optimal
2020-21,Fall,C00311,Electrical PG Course 1,SEC001047,8,Underfilled
2020-21,Fall,C00313,Electrical PG Course 3,SEC001048,8,Underfilled
2020-21,Fall,C00314,Electrical PG Course 4,SEC001049,9,Underfilled
2020-21,Fall,C00315,Electrical PG Course 5,SEC001050,4,Underfilled
2020-21,Fall,C00316,Electrical PG Course 6,SEC001051,6,Underfilled
2020-21,Fall,C00317,Electrical PG Course 7,SEC001052,14,Underfilled
2020-21,Fall,C00318,Electrical PG Course 8,SEC001053,32,Overfilled
2020-21,Fall,C00319,Electrical PG Course 9,SEC001054,7,Underfilled
2020-21,Fall,C00320,Electrical PG Course 10,SEC001055,10,Underfilled
2020-21,Fall,C00323,Electrical PG Course 13,SEC001056,30,Optimal
2020-21,Fall,C00324,Electrical PG Course 14,SEC001057,16,Underfilled
2020-21,Fall,C00325,Computer Science UG Course 1,SEC001058,2,Underfilled
2020-21,Fall,C00326,Computer Science UG Course 2,SEC001059,1,Underfilled
2020-21,Fall,C00327,Computer Science UG Course 3,SEC001060,5,Underfilled
2020-21,Fall,C00328,Computer Science UG Course 4,SEC001061,1,Underfilled
2020-21,Fall,C00329,Computer Science UG Course 5,SEC001062,7,Underfilled
2020-21,Fall,C00330,Computer Science UG Course 6,SEC001063,3,Underfilled
2020-21,Fall,C00331,Computer Science UG Course 7,SEC001064,1,Underfilled
2020-21,Fall,C00332,Computer Science UG Course 8,SEC001065,1,Underfilled
2020-21,Fall,C00333,Computer Science UG Course 9,SEC001066,30,Optimal
2020-21,Fall,C00333,Computer Science UG Course 9,SEC001067,30,Optimal
2020-21,Fall,C00333,Computer Science UG Course 9,SEC001068,29,Optimal
2020-21,Fall,C00335,Computer Science UG Course 11,SEC001069,5,Underfilled
2020-21,Fall,C00336,Computer Science UG Course 12,SEC001070,2,Underfilled
2020-21,Fall,C00337,Computer Science UG Course 13,SEC001071,2,Underfilled
2020-21,Fall,C00338,Computer Science UG Course 14,SEC001072,1,Underfilled
2020-21,Fall,C00340,Computer Science UG Course 16,SEC001073,1,Underfilled
2020-21,Fall,C00342,Computer Science UG Course 18,SEC001074,40,Overfilled
2020-21,Fall,C00342,Computer Science UG Course 18,SEC001075,40,Overfilled
2020-21,Fall,C00344,Computer Science UG Course 20,SEC001076,4,Underfilled
2020-21,Fall,C00345,Computer Science UG Course 21,SEC001077,3,Underfilled
2020-21,Fall,C00346,Computer Science UG Course 22,SEC001078,6,Underfilled
2020-21,Fall,C00347,Computer Science UG Course 23,SEC001079,2,Underfilled
2020-21,Fall,C00349,Computer Science UG Course 25,SEC001080,2,Underfilled
2020-21,Fall,C00350,Computer Science UG Course 26,SEC001081,5,Underfilled
2020-21,Fall,C00351,Computer Science UG Course 27,SEC001082,5,Underfilled
2020-21,Fall,C00352,Computer Science UG Course 28,SEC001083,2,Underfilled
2020-21,Fall,C00353,Computer Science UG Course 29,SEC001084,6,Underfilled
2020-21,Fall,C00354,Computer Science UG Course 30,SEC001085,1,Underfilled
2020-21,Fall,C00355,Computer Science UG Course 31,SEC001086,2,Underfilled
2020-21,Fall,C00356,Computer Science UG Course 32,SEC001087,4,Underfilled
2020-21,Fall,C00357,Computer Science UG Course 33,SEC001088,5,Underfilled
2020-21,Fall,C00360,Computer Science UG Course 36,SEC001089,1,Underfilled
2020-21,Fall,C00361,Computer Science UG Course 37,SEC001090,3,Underfilled
2020-21,Fall,C00362,Computer Science UG Course 38,SEC001091,4,Underfilled
2020-21,Fall,C00363,Computer Science UG Course 39,SEC001092,1,Underfilled
2020-21,Fall,C00364,Computer Science UG Course 40,SEC001093,4,Underfilled
2020-21,Fall,C00379,Data Science UG Course 1,SEC001094,1,Underfilled
2020-21,Fall,C00380,Data Science UG Course 2,SEC001095,3,Underfilled
2020-21,Fall,C00382,Data Science UG Course 4,SEC001096,6,Underfilled
2020-21,Fall,C00384,Data Science UG Course 6,SEC001097,5,Underfilled
2020-21,Fall,C00387,Data Science UG Course 9,SEC001098,8,Underfilled
2020-21,Fall,C00388,Data Science UG Course 10,SEC001099,1,Underfilled
2020-21,Fall,C00389,Data Science UG Course 11,SEC001100,9,Underfilled
2020-21,Fall,C00390,Data Science UG Course 12,SEC001101,4,Underfilled
2020-21,Fall,C00391,Data Science UG Course 13,SEC001102,3,Underfilled
2020-21,Fall,C00392,Data Science UG Course 14,SEC001103,4,Underfilled
2020-21,Fall,C00393,Data Science UG Course 15,SEC001104,9,Underfilled
2020-21,Fall,C00394,Data Science UG Course 16,SEC001105,3,Underfilled
2020-21,Fall,C00396,Data Science UG Course 18,SEC001106,5,Underfilled
2020-21,Fall,C00397,Data Science UG Course 19,SEC001107,5,Underfilled
2020-21,Fall,C00398,Data Science UG Course 20,SEC001108,3,Underfilled
2020-21,Fall,C00399,Data Science UG Course 21,SEC001109,3,Underfilled
2020-21,Fall,C00401,Data Science UG Course 23,SEC001110,37,Overfilled
2020-21,Fall,C00401,Data Science UG Course 23,SEC001111,37,Overfilled
2020-21,Fall,C00402,Data Science UG Course 24,SEC001112,5,Underfilled
2020-21,Fall,C00403,Data Science UG Course 25,SEC001113,1,Underfilled
2020-21,Fall,C00405,Data Science UG Course 27,SEC001114,4,Underfilled
2020-21,Fall,C00408,Data Science UG Course 30,SEC001115,39,Overfilled
2020-21,Fall,C00408,Data Science UG Course 30,SEC001116,39,Overfilled
2020-21,Fall,C00409,Data Science UG Course 31,SEC001117,3,Underfilled
2020-21,Fall,C00410,Data Science UG Course 32,SEC001118,5,Underfilled
2020-21,Fall,C00411,Data Science UG Course 33,SEC001119,6,Underfilled
2020-21,Fall,C00412,Data Science UG Course 34,SEC001120,3,Underfilled
2020-21,Fall,C00413,Data Science UG Course 35,SEC001121,2,Underfilled
2020-21,Fall,C00414,Data Science UG Course 36,SEC001122,31,Overfilled
2020-21,Fall,C00414,Data Science UG Course 36,SEC001123,31,Overfilled
2020-21,Fall,C00414,Data Science UG Course 36,SEC001124,30,Optimal
2020-21,Fall,C00417,Data Science UG Course 39,SEC001125,3,Underfilled
2020-21,Fall,C00418,Data Science UG Course 40,SEC001126,4,Underfilled
2020-21,Fall,C00424,Data Science PG Course 6,SEC001127,15,Underfilled
2020-21,Fall,C00427,Data Science PG Course 9,SEC001128,1,Underfilled
2020-21,Fall,C00434,Cybersecurity UG Course 2,SEC001129,1,Underfilled
2020-21,Fall,C00435,Cybersecurity UG Course 3,SEC001130,1,Underfilled
2020-21,Fall,C00437,Cybersecurity UG Course 5,SEC001131,6,Underfilled
2020-21,Fall,C00439,Cybersecurity UG Course 7,SEC001132,2,Underfilled
2020-21,Fall,C00442,Cybersecurity UG Course 10,SEC001133,1,Underfilled
2020-21,Fall,C00443,Cybersecurity UG Course 11,SEC001134,3,Underfilled
2020-21,Fall,C00444,Cybersecurity UG Course 12,SEC001135,1,Underfilled
2020-21,Fall,C00445,Cybersecurity UG Course 13,SEC001136,1,Underfilled
2020-21,Fall,C00446,Cybersecurity UG Course 14,SEC001137,1,Underfilled
2020-21,Fall,C00448,Cybersecurity UG Course 16,SEC001138,2,Underfilled
2020-21,Fall,C00451,Cybersecurity UG Course 19,SEC001139,2,Underfilled
2020-21,Fall,C00452,Cybersecurity UG Course 20,SEC001140,3,Underfilled
2020-21,Fall,C00454,Cybersecurity UG Course 22,SEC001141,4,Underfilled
2020-21,Fall,C00455,Cybersecurity UG Course 23,SEC001142,4,Underfilled
2020-21,Fall,C00457,Cybersecurity UG Course 25,SEC001143,3,Underfilled
2020-21,Fall,C00458,Cybersecurity UG Course 26,SEC001144,5,Underfilled
2020-21,Fall,C00459,Cybersecurity UG Course 27,SEC001145,1,Underfilled
2020-21,Fall,C00460,Cybersecurity UG Course 28,SEC001146,2,Underfilled
2020-21,Fall,C00462,Cybersecurity UG Course 30,SEC001147,6,Underfilled
2020-21,Fall,C00463,Cybersecurity UG Course 31,SEC001148,1,Underfilled
2020-21,Fall,C00465,Cybersecurity UG Course 33,SEC001149,3,Underfilled
2020-21,Fall,C00466,Cybersecurity UG Course 34,SEC001150,2,Underfilled
2020-21,Fall,C00467,Cybersecurity UG Course 35,SEC001151,3,Underfilled
2020-21,Fall,C00470,Cybersecurity UG Course 38,SEC001152,3,Underfilled
2020-21,Fall,C00472,Cybersecurity UG Course 40,SEC001153,6,Underfilled
2020-21,Fall,C00474,Cybersecurity PG Course 2,SEC001154,13,Underfilled
2020-21,Fall,C00475,Cybersecurity PG Course 3,SEC001155,7,Underfilled
2020-21,Fall,C00476,Cybersecurity PG Course 4,SEC001156,16,Underfilled
2020-21,Fall,C00480,Cybersecurity PG Course 8,SEC001157,12,Underfilled
2020-21,Fall,C00481,Cybersecurity PG Course 9,SEC001158,5,Underfilled
2020-21,Fall,C00483,Cybersecurity PG Course 11,SEC001159,18,Underfilled
2020-21,Fall,C00484,Cybersecurity PG Course 12,SEC001160,10,Underfilled
2020-21,Fall,C00485,Cybersecurity PG Course 13,SEC001161,5,Underfilled
2020-21,Fall,C00488,Nursing UG Course 2,SEC001162,1,Underfilled
2020-21,Fall,C00489,Nursing UG Course 3,SEC001163,3,Underfilled
2020-21,Fall,C00490,Nursing UG Course 4,SEC001164,31,Overfilled
2020-21,Fall,C00490,Nursing UG Course 4,SEC001165,31,Overfilled
2020-21,Fall,C00490,Nursing UG Course 4,SEC001166,31,Overfilled
2020-21,Fall,C00491,Nursing UG Course 5,SEC001167,1,Underfilled
2020-21,Fall,C00493,Nursing UG Course 7,SEC001168,7,Underfilled
2020-21,Fall,C00494,Nursing UG Course 8,SEC001169,1,Underfilled
2020-21,Fall,C00495,Nursing UG Course 9,SEC001170,26,Optimal
2020-21,Fall,C00495,Nursing UG Course 9,SEC001171,26,Optimal
2020-21,Fall,C00495,Nursing UG Course 9,SEC001172,25,Optimal
2020-21,Fall,C00495,Nursing UG Course 9,SEC001173,25,Optimal
2020-21,Fall,C00497,Nursing UG Course 11,SEC001174,7,Underfilled
2020-21,Fall,C00501,Nursing UG Course 15,SEC001175,3,Underfilled
2020-21,Fall,C00502,Nursing UG Course 16,SEC001176,1,Underfilled
2020-21,Fall,C00503,Nursing UG Course 17,SEC001177,1,Underfilled
2020-21,Fall,C00504,Nursing UG Course 18,SEC001178,3,Underfilled
2020-21,Fall,C00505,Nursing UG Course 19,SEC001179,2,Underfilled
2020-21,Fall,C00506,Nursing UG Course 20,SEC001180,3,Underfilled
2020-21,Fall,C00511,Nursing UG Course 25,SEC001181,6,Underfilled
2020-21,Fall,C00512,Nursing UG Course 26,SEC001182,1,Underfilled
2020-21,Fall,C00513,Nursing UG Course 27,SEC001183,1,Underfilled
2020-21,Fall,C00517,Nursing UG Course 31,SEC001184,29,Optimal
2020-21,Fall,C00517,Nursing UG Course 31,SEC001185,29,Optimal
2020-21,Fall,C00517,Nursing UG Course 31,SEC001186,29,Optimal
2020-21,Fall,C00517,Nursing UG Course 31,SEC001187,28,Optimal
2020-21,Fall,C00518,Nursing UG Course 32,SEC001188,7,Underfilled
2020-21,Fall,C00519,Nursing UG Course 33,SEC001189,1,Underfilled
2020-21,Fall,C00520,Nursing UG Course 34,SEC001190,27,Optimal
2020-21,Fall,C00520,Nursing UG Course 34,SEC001191,27,Optimal
2020-21,Fall,C00520,Nursing UG Course 34,SEC001192,27,Optimal
2020-21,Fall,C00520,Nursing UG Course 34,SEC001193,26,Optimal
2020-21,Fall,C00521,Nursing UG Course 35,SEC001194,5,Underfilled
2020-21,Fall,C00526,Nursing UG Course 40,SEC001195,2,Underfilled
2020-21,Fall,C00527,Nursing PG Course 1,SEC001196,5,Underfilled
2020-21,Fall,C00528,Nursing PG Course 2,SEC001197,6,Underfilled
2020-21,Fall,C00530,Nursing PG Course 4,SEC001198,22,Optimal
2020-21,Fall,C00531,Nursing PG Course 5,SEC001199,5,Underfilled
2020-21,Fall,C00534,Nursing PG Course 8,SEC001200,19,Underfilled
2020-21,Fall,C00536,Nursing PG Course 10,SEC001201,5,Underfilled
2020-21,Fall,C00537,Nursing PG Course 11,SEC001202,7,Underfilled
2020-21,Fall,C00539,Nursing PG Course 13,SEC001203,4,Underfilled
2020-21,Fall,C00541,Public Health UG Course 1,SEC001204,28,Optimal
2020-21,Fall,C00541,Public Health UG Course 1,SEC001205,27,Optimal
2020-21,Fall,C00541,Public Health UG Course 1,SEC001206,27,Optimal
2020-21,Fall,C00541,Public Health UG Course 1,SEC001207,27,Optimal
2020-21,Fall,C00543,Public Health UG Course 3,SEC001208,2,Underfilled
2020-21,Fall,C00545,Public Health UG Course 5,SEC001209,5,Underfilled
2020-21,Fall,C00547,Public Health UG Course 7,SEC001210,2,Underfilled
2020-21,Fall,C00548,Public Health UG Course 8,SEC001211,3,Underfilled
2020-21,Fall,C00549,Public Health UG Course 9,SEC001212,4,Underfilled
2020-21,Fall,C00551,Public Health UG Course 11,SEC001213,4,Underfilled
2020-21,Fall,C00554,Public Health UG Course 14,SEC001214,13,Underfilled
2020-21,Fall,C00555,Public Health UG Course 15,SEC001215,2,Underfilled
2020-21,Fall,C00556,Public Health UG Course 16,SEC001216,1,Underfilled
2020-21,Fall,C00558,Public Health UG Course 18,SEC001217,1,Underfilled
2020-21,Fall,C00561,Public Health UG Course 21,SEC001218,5,Underfilled
2020-21,Fall,C00563,Public Health UG Course 23,SEC001219,9,Underfilled
2020-21,Fall,C00564,Public Health UG Course 24,SEC001220,7,Underfilled
2020-21,Fall,C00566,Public Health UG Course 26,SEC001221,6,Underfilled
2020-21,Fall,C00567,Public Health UG Course 27,SEC001222,5,Underfilled
2020-21,Fall,C00568,Public Health UG Course 28,SEC001223,1,Underfilled
2020-21,Fall,C00570,Public Health UG Course 30,SEC001224,7,Underfilled
2020-21,Fall,C00571,Public Health UG Course 31,SEC001225,1,Underfilled
2020-21,Fall,C00574,Public Health UG Course 34,SEC001226,8,Underfilled
2020-21,Fall,C00575,Public Health UG Course 35,SEC001227,4,Underfilled
2020-21,Fall,C00577,Public Health UG Course 37,SEC001228,4,Underfilled
2020-21,Fall,C00578,Public Health UG Course 38,SEC001229,6,Underfilled
2020-21,Fall,C00579,Public Health UG Course 39,SEC001230,1,Underfilled
2020-21,Fall,C00580,Public Health UG Course 40,SEC001231,5,Underfilled
2020-21,Fall,C00582,Public Health PG Course 2,SEC001232,2,Underfilled
2020-21,Fall,C00589,Public Health PG Course 9,SEC001233,1,Underfilled
2020-21,Fall,C00595,Pharmacy UG Course 1,SEC001234,3,Underfilled
2020-21,Fall,C00596,Pharmacy UG Course 2,SEC001235,3,Underfilled
2020-21,Fall,C00597,Pharmacy UG Course 3,SEC001236,6,Underfilled
2020-21,Fall,C00598,Pharmacy UG Course 4,SEC001237,1,Underfilled
2020-21,Fall,C00599,Pharmacy UG Course 5,SEC001238,1,Underfilled
2020-21,Fall,C00600,Pharmacy UG Course 6,SEC001239,1,Underfilled
2020-21,Fall,C00602,Pharmacy UG Course 8,SEC001240,4,Underfilled
2020-21,Fall,C00603,Pharmacy UG Course 9,SEC001241,1,Underfilled
2020-21,Fall,C00604,Pharmacy UG Course 10,SEC001242,4,Underfilled
2020-21,Fall,C00608,Pharmacy UG Course 14,SEC001243,2,Underfilled
2020-21,Fall,C00609,Pharmacy UG Course 15,SEC001244,9,Underfilled
2020-21,Fall,C00610,Pharmacy UG Course 16,SEC001245,4,Underfilled
2020-21,Fall,C00611,Pharmacy UG Course 17,SEC001246,4,Underfilled
2020-21,Fall,C00612,Pharmacy UG Course 18,SEC001247,4,Underfilled
2020-21,Fall,C00613,Pharmacy UG Course 19,SEC001248,1,Underfilled
2020-21,Fall,C00614,Pharmacy UG Course 20,SEC001249,4,Underfilled
2020-21,Fall,C00615,Pharmacy UG Course 21,SEC001250,4,Underfilled
2020-21,Fall,C00616,Pharmacy UG Course 22,SEC001251,4,Underfilled
2020-21,Fall,C00617,Pharmacy UG Course 23,SEC001252,3,Underfilled
2020-21,Fall,C00620,Pharmacy UG Course 26,SEC001253,3,Underfilled
2020-21,Fall,C00621,Pharmacy UG Course 27,SEC001254,2,Underfilled
2020-21,Fall,C00622,Pharmacy UG Course 28,SEC001255,5,Underfilled
2020-21,Fall,C00625,Pharmacy UG Course 31,SEC001256,5,Underfilled
2020-21,Fall,C00626,Pharmacy UG Course 32,SEC001257,5,Underfilled
2020-21,Fall,C00627,Pharmacy UG Course 33,SEC001258,3,Underfilled
2020-21,Fall,C00628,Pharmacy UG Course 34,SEC001259,6,Underfilled
2020-21,Fall,C00629,Pharmacy UG Course 35,SEC001260,1,Underfilled
2020-21,Fall,C00630,Pharmacy UG Course 36,SEC001261,1,Underfilled
2020-21,Fall,C00633,Pharmacy UG Course 39,SEC001262,5,Underfilled
2020-21,Fall,C00634,Pharmacy UG Course 40,SEC001263,1,Underfilled
2020-21,Fall,C00642,Pharmacy PG Course 8,SEC001264,1,Underfilled
2020-21,Fall,C00643,Pharmacy PG Course 9,SEC001265,3,Underfilled
2020-21,Fall,C00644,Pharmacy PG Course 10,SEC001266,22,Optimal
2020-21,Fall,C00650,Psychology UG Course 2,SEC001267,34,Overfilled
2020-21,Fall,C00650,Psychology UG Course 2,SEC001268,33,Overfilled
2020-21,Fall,C00650,Psychology UG Course 2,SEC001269,33,Overfilled
2020-21,Fall,C00651,Psychology UG Course 3,SEC001270,8,Underfilled
2020-21,Fall,C00652,Psychology UG Course 4,SEC001271,7,Underfilled
2020-21,Fall,C00657,Psychology UG Course 9,SEC001272,2,Underfilled
2020-21,Fall,C00658,Psychology UG Course 10,SEC001273,4,Underfilled
2020-21,Fall,C00659,Psychology UG Course 11,SEC001274,4,Underfilled
2020-21,Fall,C00660,Psychology UG Course 12,SEC001275,4,Underfilled
2020-21,Fall,C00661,Psychology UG Course 13,SEC001276,2,Underfilled
2020-21,Fall,C00662,Psychology UG Course 14,SEC001277,1,Underfilled
2020-21,Fall,C00663,Psychology UG Course 15,SEC001278,2,Underfilled
2020-21,Fall,C00664,Psychology UG Course 16,SEC001279,10,Underfilled
2020-21,Fall,C00666,Psychology UG Course 18,SEC001280,11,Underfilled
2020-21,Fall,C00667,Psychology UG Course 19,SEC001281,7,Underfilled
2020-21,Fall,C00668,Psychology UG Course 20,SEC001282,4,Underfilled
2020-21,Fall,C00669,Psychology UG Course 21,SEC001283,2,Underfilled
2020-21,Fall,C00670,Psychology UG Course 22,SEC001284,3,Underfilled
2020-21,Fall,C00671,Psychology UG Course 23,SEC001285,4,Underfilled
2020-21,Fall,C00673,Psychology UG Course 25,SEC001286,6,Underfilled
2020-21,Fall,C00674,Psychology UG Course 26,SEC001287,5,Underfilled
2020-21,Fall,C00675,Psychology UG Course 27,SEC001288,1,Underfilled
2020-21,Fall,C00676,Psychology UG Course 28,SEC001289,5,Underfilled
2020-21,Fall,C00677,Psychology UG Course 29,SEC001290,1,Underfilled
2020-21,Fall,C00678,Psychology UG Course 30,SEC001291,3,Underfilled
2020-21,Fall,C00679,Psychology UG Course 31,SEC001292,5,Underfilled
2020-21,Fall,C00681,Psychology UG Course 33,SEC001293,4,Underfilled
2020-21,Fall,C00682,Psychology UG Course 34,SEC001294,6,Underfilled
2020-21,Fall,C00685,Psychology UG Course 37,SEC001295,5,Underfilled
2020-21,Fall,C00686,Psychology UG Course 38,SEC001296,37,Overfilled
2020-21,Fall,C00686,Psychology UG Course 38,SEC001297,36,Overfilled
2020-21,Fall,C00686,Psychology UG Course 38,SEC001298,36,Overfilled
2020-21,Fall,C00688,Psychology UG Course 40,SEC001299,1,Underfilled
2020-21,Fall,C00704,Education UG Course 2,SEC001300,7,Underfilled
2020-21,Fall,C00705,Education UG Course 3,SEC001301,2,Underfilled
2020-21,Fall,C00707,Education UG Course 5,SEC001302,3,Underfilled
2020-21,Fall,C00708,Education UG Course 6,SEC001303,3,Underfilled
2020-21,Fall,C00712,Education UG Course 10,SEC001304,8,Underfilled
2020-21,Fall,C00713,Education UG Course 11,SEC001305,1,Underfilled
2020-21,Fall,C00714,Education UG Course 12,SEC001306,8,Underfilled
2020-21,Fall,C00715,Education UG Course 13,SEC001307,6,Underfilled
2020-21,Fall,C00716,Education UG Course 14,SEC001308,1,Underfilled
2020-21,Fall,C00717,Education UG Course 15,SEC001309,3,Underfilled
2020-21,Fall,C00718,Education UG Course 16,SEC001310,2,Underfilled
2020-21,Fall,C00719,Education UG Course 17,SEC001311,8,Underfilled
2020-21,Fall,C00720,Education UG Course 18,SEC001312,1,Underfilled
2020-21,Fall,C00721,Education UG Course 19,SEC001313,2,Underfilled
2020-21,Fall,C00723,Education UG Course 21,SEC001314,1,Underfilled
2020-21,Fall,C00724,Education UG Course 22,SEC001315,3,Underfilled
2020-21,Fall,C00726,Education UG Course 24,SEC001316,1,Underfilled
2020-21,Fall,C00727,Education UG Course 25,SEC001317,14,Underfilled
2020-21,Fall,C00728,Education UG Course 26,SEC001318,35,Overfilled
2020-21,Fall,C00728,Education UG Course 26,SEC001319,35,Overfilled
2020-21,Fall,C00728,Education UG Course 26,SEC001320,35,Overfilled
2020-21,Fall,C00729,Education UG Course 27,SEC001321,6,Underfilled
2020-21,Fall,C00731,Education UG Course 29,SEC001322,2,Underfilled
2020-21,Fall,C00732,Education UG Course 30,SEC001323,2,Underfilled
2020-21,Fall,C00733,Education UG Course 31,SEC001324,3,Underfilled
2020-21,Fall,C00734,Education UG Course 32,SEC001325,3,Underfilled
2020-21,Fall,C00735,Education UG Course 33,SEC001326,1,Underfilled
2020-21,Fall,C00737,Education UG Course 35,SEC001327,6,Underfilled
2020-21,Fall,C00738,Education UG Course 36,SEC001328,3,Underfilled
2020-21,Fall,C00740,Education UG Course 38,SEC001329,1,Underfilled
2020-21,Fall,C00742,Education UG Course 40,SEC001330,4,Underfilled
2020-21,Fall,C00757,Media UG Course 1,SEC001331,12,Underfilled
2020-21,Fall,C00758,Media UG Course 2,SEC001332,6,Underfilled
2020-21,Fall,C00762,Media UG Course 6,SEC001333,37,Overfilled
2020-21,Fall,C00762,Media UG Course 6,SEC001334,36,Overfilled
2020-21,Fall,C00762,Media UG Course 6,SEC001335,36,Overfilled
2020-21,Fall,C00763,Media UG Course 7,SEC001336,1,Underfilled
2020-21,Fall,C00764,Media UG Course 8,SEC001337,6,Underfilled
2020-21,Fall,C00766,Media UG Course 10,SEC001338,1,Underfilled
2020-21,Fall,C00767,Media UG Course 11,SEC001339,3,Underfilled
2020-21,Fall,C00768,Media UG Course 12,SEC001340,2,Underfilled
2020-21,Fall,C00770,Media UG Course 14,SEC001341,1,Underfilled
2020-21,Fall,C00773,Media UG Course 17,SEC001342,14,Underfilled
2020-21,Fall,C00774,Media UG Course 18,SEC001343,2,Underfilled
2020-21,Fall,C00775,Media UG Course 19,SEC001344,1,Underfilled
2020-21,Fall,C00776,Media UG Course 20,SEC001345,6,Underfilled
2020-21,Fall,C00777,Media UG Course 21,SEC001346,7,Underfilled
2020-21,Fall,C00778,Media UG Course 22,SEC001347,3,Underfilled
2020-21,Fall,C00780,Media UG Course 24,SEC001348,35,Overfilled
2020-21,Fall,C00780,Media UG Course 24,SEC001349,35,Overfilled
2020-21,Fall,C00780,Media UG Course 24,SEC001350,35,Overfilled
2020-21,Fall,C00781,Media UG Course 25,SEC001351,9,Underfilled
2020-21,Fall,C00782,Media UG Course 26,SEC001352,5,Underfilled
2020-21,Fall,C00783,Media UG Course 27,SEC001353,1,Underfilled
2020-21,Fall,C00785,Media UG Course 29,SEC001354,1,Underfilled
2020-21,Fall,C00786,Media UG Course 30,SEC001355,1,Underfilled
2020-21,Fall,C00787,Media UG Course 31,SEC001356,8,Underfilled
2020-21,Fall,C00788,Media UG Course 32,SEC001357,1,Underfilled
2020-21,Fall,C00789,Media UG Course 33,SEC001358,6,Underfilled
2020-21,Fall,C00791,Media UG Course 35,SEC001359,3,Underfilled
2020-21,Fall,C00792,Media UG Course 36,SEC001360,4,Underfilled
2020-21,Fall,C00794,Media UG Course 38,SEC001361,6,Underfilled
2020-21,Spring,C00004,Management UG Course 4,SEC001362,6,Underfilled
2020-21,Spring,C00005,Management UG Course 5,SEC001363,6,Underfilled
2020-21,Spring,C00006,Management UG Course 6,SEC001364,7,Underfilled
2020-21,Spring,C00007,Management UG Course 7,SEC001365,1,Underfilled
2020-21,Spring,C00008,Management UG Course 8,SEC001366,8,Underfilled
2020-21,Spring,C00009,Management UG Course 9,SEC001367,18,Underfilled
2020-21,Spring,C00010,Management UG Course 10,SEC001368,1,Underfilled
2020-21,Spring,C00011,Management UG Course 11,SEC001369,6,Underfilled
2020-21,Spring,C00015,Management UG Course 15,SEC001370,13,Underfilled
2020-21,Spring,C00016,Management UG Course 16,SEC001371,6,Underfilled
2020-21,Spring,C00018,Management UG Course 18,SEC001372,3,Underfilled
2020-21,Spring,C00019,Management UG Course 19,SEC001373,6,Underfilled
2020-21,Spring,C00020,Management UG Course 20,SEC001374,7,Underfilled
2020-21,Spring,C00021,Management UG Course 21,SEC001375,4,Underfilled
2020-21,Spring,C00022,Management UG Course 22,SEC001376,42,Overfilled
2020-21,Spring,C00022,Management UG Course 22,SEC001377,41,Overfilled
2020-21,Spring,C00023,Management UG Course 23,SEC001378,9,Underfilled
2020-21,Spring,C00024,Management UG Course 24,SEC001379,9,Underfilled
2020-21,Spring,C00025,Management UG Course 25,SEC001380,1,Underfilled
2020-21,Spring,C00026,Management UG Course 26,SEC001381,6,Underfilled
2020-21,Spring,C00027,Management UG Course 27,SEC001382,5,Underfilled
2020-21,Spring,C00028,Management UG Course 28,SEC001383,9,Underfilled
2020-21,Spring,C00029,Management UG Course 29,SEC001384,2,Underfilled
2020-21,Spring,C00030,Management UG Course 30,SEC001385,35,Overfilled
2020-21,Spring,C00030,Management UG Course 30,SEC001386,34,Overfilled
2020-21,Spring,C00033,Management UG Course 33,SEC001387,40,Overfilled
2020-21,Spring,C00033,Management UG Course 33,SEC001388,40,Overfilled
2020-21,Spring,C00034,Management UG Course 34,SEC001389,1,Underfilled
2020-21,Spring,C00035,Management UG Course 35,SEC001390,1,Underfilled
2020-21,Spring,C00036,Management UG Course 36,SEC001391,6,Underfilled
2020-21,Spring,C00038,Management UG Course 38,SEC001392,4,Underfilled
2020-21,Spring,C00039,Management UG Course 39,SEC001393,4,Underfilled
2020-21,Spring,C00055,Finance UG Course 1,SEC001394,3,Underfilled
2020-21,Spring,C00056,Finance UG Course 2,SEC001395,3,Underfilled
2020-21,Spring,C00058,Finance UG Course 4,SEC001396,3,Underfilled
2020-21,Spring,C00059,Finance UG Course 5,SEC001397,7,Underfilled
2020-21,Spring,C00060,Finance UG Course 6,SEC001398,1,Underfilled
2020-21,Spring,C00061,Finance UG Course 7,SEC001399,1,Underfilled
2020-21,Spring,C00062,Finance UG Course 8,SEC001400,1,Underfilled
2020-21,Spring,C00063,Finance UG Course 9,SEC001401,6,Underfilled
2020-21,Spring,C00064,Finance UG Course 10,SEC001402,5,Underfilled
2020-21,Spring,C00065,Finance UG Course 11,SEC001403,1,Underfilled
2020-21,Spring,C00066,Finance UG Course 12,SEC001404,2,Underfilled
2020-21,Spring,C00067,Finance UG Course 13,SEC001405,5,Underfilled
2020-21,Spring,C00068,Finance UG Course 14,SEC001406,1,Underfilled
2020-21,Spring,C00069,Finance UG Course 15,SEC001407,5,Underfilled
2020-21,Spring,C00072,Finance UG Course 18,SEC001408,2,Underfilled
2020-21,Spring,C00073,Finance UG Course 19,SEC001409,38,Overfilled
2020-21,Spring,C00073,Finance UG Course 19,SEC001410,38,Overfilled
2020-21,Spring,C00074,Finance UG Course 20,SEC001411,5,Underfilled
2020-21,Spring,C00075,Finance UG Course 21,SEC001412,2,Underfilled
2020-21,Spring,C00076,Finance UG Course 22,SEC001413,8,Underfilled
2020-21,Spring,C00079,Finance UG Course 25,SEC001414,6,Underfilled
2020-21,Spring,C00080,Finance UG Course 26,SEC001415,3,Underfilled
2020-21,Spring,C00082,Finance UG Course 28,SEC001416,3,Underfilled
2020-21,Spring,C00083,Finance UG Course 29,SEC001417,7,Underfilled
2020-21,Spring,C00084,Finance UG Course 30,SEC001418,2,Underfilled
2020-21,Spring,C00087,Finance UG Course 33,SEC001419,6,Underfilled
2020-21,Spring,C00088,Finance UG Course 34,SEC001420,3,Underfilled
2020-21,Spring,C00089,Finance UG Course 35,SEC001421,2,Underfilled
2020-21,Spring,C00090,Finance UG Course 36,SEC001422,8,Underfilled
2020-21,Spring,C00091,Finance UG Course 37,SEC001423,8,Underfilled
2020-21,Spring,C00093,Finance UG Course 39,SEC001424,5,Underfilled
2020-21,Spring,C00094,Finance UG Course 40,SEC001425,5,Underfilled
2020-21,Spring,C00109,Marketing UG Course 1,SEC001426,2,Underfilled
2020-21,Spring,C00110,Marketing UG Course 2,SEC001427,6,Underfilled
2020-21,Spring,C00111,Marketing UG Course 3,SEC001428,1,Underfilled
2020-21,Spring,C00112,Marketing UG Course 4,SEC001429,15,Underfilled
2020-21,Spring,C00113,Marketing UG Course 5,SEC001430,7,Underfilled
2020-21,Spring,C00115,Marketing UG Course 7,SEC001431,3,Underfilled
2020-21,Spring,C00117,Marketing UG Course 9,SEC001432,5,Underfilled
2020-21,Spring,C00118,Marketing UG Course 10,SEC001433,44,Overfilled
2020-21,Spring,C00119,Marketing UG Course 11,SEC001434,6,Underfilled
2020-21,Spring,C00122,Marketing UG Course 14,SEC001435,37,Overfilled
2020-21,Spring,C00123,Marketing UG Course 15,SEC001436,38,Overfilled
2020-21,Spring,C00123,Marketing UG Course 15,SEC001437,38,Overfilled
2020-21,Spring,C00124,Marketing UG Course 16,SEC001438,3,Underfilled
2020-21,Spring,C00125,Marketing UG Course 17,SEC001439,7,Underfilled
2020-21,Spring,C00126,Marketing UG Course 18,SEC001440,5,Underfilled
2020-21,Spring,C00127,Marketing UG Course 19,SEC001441,39,Overfilled
2020-21,Spring,C00129,Marketing UG Course 21,SEC001442,3,Underfilled
2020-21,Spring,C00130,Marketing UG Course 22,SEC001443,7,Underfilled
2020-21,Spring,C00132,Marketing UG Course 24,SEC001444,4,Underfilled
2020-21,Spring,C00133,Marketing UG Course 25,SEC001445,5,Underfilled
2020-21,Spring,C00134,Marketing UG Course 26,SEC001446,4,Underfilled
2020-21,Spring,C00135,Marketing UG Course 27,SEC001447,1,Underfilled
2020-21,Spring,C00136,Marketing UG Course 28,SEC001448,2,Underfilled
2020-21,Spring,C00137,Marketing UG Course 29,SEC001449,12,Underfilled
2020-21,Spring,C00139,Marketing UG Course 31,SEC001450,5,Underfilled
2020-21,Spring,C00140,Marketing UG Course 32,SEC001451,3,Underfilled
2020-21,Spring,C00141,Marketing UG Course 33,SEC001452,2,Underfilled
2020-21,Spring,C00144,Marketing UG Course 36,SEC001453,8,Underfilled
2020-21,Spring,C00146,Marketing UG Course 38,SEC001454,8,Underfilled
2020-21,Spring,C00163,Civil UG Course 1,SEC001455,2,Underfilled
2020-21,Spring,C00164,Civil UG Course 2,SEC001456,12,Underfilled
2020-21,Spring,C00165,Civil UG Course 3,SEC001457,3,Underfilled
2020-21,Spring,C00166,Civil UG Course 4,SEC001458,6,Underfilled
2020-21,Spring,C00167,Civil UG Course 5,SEC001459,1,Underfilled
2020-21,Spring,C00169,Civil UG Course 7,SEC001460,1,Underfilled
2020-21,Spring,C00170,Civil UG Course 8,SEC001461,7,Underfilled
2020-21,Spring,C00171,Civil UG Course 9,SEC001462,1,Underfilled
2020-21,Spring,C00172,Civil UG Course 10,SEC001463,23,Optimal
2020-21,Spring,C00173,Civil UG Course 11,SEC001464,3,Underfilled
2020-21,Spring,C00174,Civil UG Course 12,SEC001465,3,Underfilled
2020-21,Spring,C00175,Civil UG Course 13,SEC001466,4,Underfilled
2020-21,Spring,C00176,Civil UG Course 14,SEC001467,3,Underfilled
2020-21,Spring,C00178,Civil UG Course 16,SEC001468,3,Underfilled
2020-21,Spring,C00179,Civil UG Course 17,SEC001469,4,Underfilled
2020-21,Spring,C00180,Civil UG Course 18,SEC001470,6,Underfilled
2020-21,Spring,C00181,Civil UG Course 19,SEC001471,8,Underfilled
2020-21,Spring,C00182,Civil UG Course 20,SEC001472,4,Underfilled
2020-21,Spring,C00183,Civil UG Course 21,SEC001473,6,Underfilled
2020-21,Spring,C00184,Civil UG Course 22,SEC001474,2,Underfilled
2020-21,Spring,C00185,Civil UG Course 23,SEC001475,3,Underfilled
2020-21,Spring,C00186,Civil UG Course 24,SEC001476,1,Underfilled
2020-21,Spring,C00187,Civil UG Course 25,SEC001477,3,Underfilled
2020-21,Spring,C00189,Civil UG Course 27,SEC001478,2,Underfilled
2020-21,Spring,C00190,Civil UG Course 28,SEC001479,12,Underfilled
2020-21,Spring,C00192,Civil UG Course 30,SEC001480,3,Underfilled
2020-21,Spring,C00193,Civil UG Course 31,SEC001481,5,Underfilled
2020-21,Spring,C00194,Civil UG Course 32,SEC001482,8,Underfilled
2020-21,Spring,C00195,Civil UG Course 33,SEC001483,2,Underfilled
2020-21,Spring,C00197,Civil UG Course 35,SEC001484,5,Underfilled
2020-21,Spring,C00199,Civil UG Course 37,SEC001485,5,Underfilled
2020-21,Spring,C00200,Civil UG Course 38,SEC001486,1,Underfilled
2020-21,Spring,C00201,Civil UG Course 39,SEC001487,3,Underfilled
2020-21,Spring,C00202,Civil UG Course 40,SEC001488,1,Underfilled
2020-21,Spring,C00204,Civil PG Course 2,SEC001489,10,Underfilled
2020-21,Spring,C00206,Civil PG Course 4,SEC001490,17,Underfilled
2020-21,Spring,C00210,Civil PG Course 8,SEC001491,12,Underfilled
2020-21,Spring,C00213,Civil PG Course 11,SEC001492,17,Underfilled
2020-21,Spring,C00214,Civil PG Course 12,SEC001493,16,Underfilled
2020-21,Spring,C00218,Mechanical UG Course 2,SEC001494,2,Underfilled
2020-21,Spring,C00219,Mechanical UG Course 3,SEC001495,3,Underfilled
2020-21,Spring,C00223,Mechanical UG Course 7,SEC001496,4,Underfilled
2020-21,Spring,C00225,Mechanical UG Course 9,SEC001497,3,Underfilled
2020-21,Spring,C00226,Mechanical UG Course 10,SEC001498,1,Underfilled
2020-21,Spring,C00227,Mechanical UG Course 11,SEC001499,32,Overfilled
2020-21,Spring,C00228,Mechanical UG Course 12,SEC001500,21,Optimal
2020-21,Spring,C00229,Mechanical UG Course 13,SEC001501,6,Underfilled
2020-21,Spring,C00230,Mechanical UG Course 14,SEC001502,5,Underfilled
2020-21,Spring,C00231,Mechanical UG Course 15,SEC001503,2,Underfilled
2020-21,Spring,C00232,Mechanical UG Course 16,SEC001504,1,Underfilled
2020-21,Spring,C00234,Mechanical UG Course 18,SEC001505,3,Underfilled
2020-21,Spring,C00237,Mechanical UG Course 21,SEC001506,1,Underfilled
2020-21,Spring,C00239,Mechanical UG Course 23,SEC001507,3,Underfilled
2020-21,Spring,C00240,Mechanical UG Course 24,SEC001508,12,Underfilled
2020-21,Spring,C00244,Mechanical UG Course 28,SEC001509,7,Underfilled
2020-21,Spring,C00246,Mechanical UG Course 30,SEC001510,10,Underfilled
2020-21,Spring,C00247,Mechanical UG Course 31,SEC001511,3,Underfilled
2020-21,Spring,C00252,Mechanical UG Course 36,SEC001512,5,Underfilled
2020-21,Spring,C00253,Mechanical UG Course 37,SEC001513,19,Underfilled
2020-21,Spring,C00253,Mechanical UG Course 37,SEC001514,18,Underfilled
2020-21,Spring,C00254,Mechanical UG Course 38,SEC001515,7,Underfilled
2020-21,Spring,C00255,Mechanical UG Course 39,SEC001516,6,Underfilled
2020-21,Spring,C00257,Mechanical PG Course 1,SEC001517,20,Optimal
2020-21,Spring,C00259,Mechanical PG Course 3,SEC001518,10,Underfilled
2020-21,Spring,C00260,Mechanical PG Course 4,SEC001519,1,Underfilled
2020-21,Spring,C00262,Mechanical PG Course 6,SEC001520,6,Underfilled
2020-21,Spring,C00264,Mechanical PG Course 8,SEC001521,1,Underfilled
2020-21,Spring,C00265,Mechanical PG Course 9,SEC001522,13,Underfilled
2020-21,Spring,C00266,Mechanical PG Course 10,SEC001523,11,Underfilled
2020-21,Spring,C00268,Mechanical PG Course 12,SEC001524,15,Underfilled
2020-21,Spring,C00269,Mechanical PG Course 13,SEC001525,10,Underfilled
2020-21,Spring,C00272,Electrical UG Course 2,SEC001526,22,Optimal
2020-21,Spring,C00278,Electrical UG Course 8,SEC001527,2,Underfilled
2020-21,Spring,C00281,Electrical UG Course 11,SEC001528,3,Underfilled
2020-21,Spring,C00284,Electrical UG Course 14,SEC001529,29,Optimal
2020-21,Spring,C00286,Electrical UG Course 16,SEC001530,1,Underfilled
2020-21,Spring,C00296,Electrical UG Course 26,SEC001531,30,Optimal
2020-21,Spring,C00297,Electrical UG Course 27,SEC001532,1,Underfilled
2020-21,Spring,C00301,Electrical UG Course 31,SEC001533,34,Overfilled
2020-21,Spring,C00313,Electrical PG Course 3,SEC001534,32,Overfilled
2020-21,Spring,C00314,Electrical PG Course 4,SEC001535,3,Underfilled
2020-21,Spring,C00315,Electrical PG Course 5,SEC001536,15,Underfilled
2020-21,Spring,C00316,Electrical PG Course 6,SEC001537,25,Optimal
2020-21,Spring,C00317,Electrical PG Course 7,SEC001538,3,Underfilled
2020-21,Spring,C00318,Electrical PG Course 8,SEC001539,35,Overfilled
2020-21,Spring,C00319,Electrical PG Course 9,SEC001540,25,Optimal
2020-21,Spring,C00320,Electrical PG Course 10,SEC001541,1,Underfilled
2020-21,Spring,C00322,Electrical PG Course 12,SEC001542,1,Underfilled
2020-21,Spring,C00323,Electrical PG Course 13,SEC001543,20,Optimal
2020-21,Spring,C00323,Electrical PG Course 13,SEC001544,19,Underfilled
2020-21,Spring,C00324,Electrical PG Course 14,SEC001545,1,Underfilled
2020-21,Spring,C00325,Computer Science UG Course 1,SEC001546,9,Underfilled
2020-21,Spring,C00326,Computer Science UG Course 2,SEC001547,6,Underfilled
2020-21,Spring,C00328,Computer Science UG Course 4,SEC001548,4,Underfilled
2020-21,Spring,C00330,Computer Science UG Course 6,SEC001549,2,Underfilled
2020-21,Spring,C00331,Computer Science UG Course 7,SEC001550,6,Underfilled
2020-21,Spring,C00332,Computer Science UG Course 8,SEC001551,11,Underfilled
2020-21,Spring,C00333,Computer Science UG Course 9,SEC001552,24,Optimal
2020-21,Spring,C00333,Computer Science UG Course 9,SEC001553,23,Optimal
2020-21,Spring,C00334,Computer Science UG Course 10,SEC001554,1,Underfilled
2020-21,Spring,C00337,Computer Science UG Course 13,SEC001555,1,Underfilled
2020-21,Spring,C00340,Computer Science UG Course 16,SEC001556,13,Underfilled
2020-21,Spring,C00341,Computer Science UG Course 17,SEC001557,9,Underfilled
2020-21,Spring,C00342,Computer Science UG Course 18,SEC001558,29,Optimal
2020-21,Spring,C00342,Computer Science UG Course 18,SEC001559,28,Optimal
2020-21,Spring,C00347,Computer Science UG Course 23,SEC001560,34,Overfilled
2020-21,Spring,C00348,Computer Science UG Course 24,SEC001561,6,Underfilled
2020-21,Spring,C00349,Computer Science UG Course 25,SEC001562,2,Underfilled
2020-21,Spring,C00350,Computer Science UG Course 26,SEC001563,5,Underfilled
2020-21,Spring,C00351,Computer Science UG Course 27,SEC001564,3,Underfilled
2020-21,Spring,C00354,Computer Science UG Course 30,SEC001565,4,Underfilled
2020-21,Spring,C00355,Computer Science UG Course 31,SEC001566,2,Underfilled
2020-21,Spring,C00356,Computer Science UG Course 32,SEC001567,6,Underfilled
2020-21,Spring,C00357,Computer Science UG Course 33,SEC001568,3,Underfilled
2020-21,Spring,C00359,Computer Science UG Course 35,SEC001569,2,Underfilled
2020-21,Spring,C00360,Computer Science UG Course 36,SEC001570,4,Underfilled
2020-21,Spring,C00361,Computer Science UG Course 37,SEC001571,3,Underfilled
2020-21,Spring,C00362,Computer Science UG Course 38,SEC001572,1,Underfilled
2020-21,Spring,C00363,Computer Science UG Course 39,SEC001573,3,Underfilled
2020-21,Spring,C00364,Computer Science UG Course 40,SEC001574,3,Underfilled
2020-21,Spring,C00379,Data Science UG Course 1,SEC001575,2,Underfilled
2020-21,Spring,C00380,Data Science UG Course 2,SEC001576,4,Underfilled
2020-21,Spring,C00381,Data Science UG Course 3,SEC001577,10,Underfilled
2020-21,Spring,C00383,Data Science UG Course 5,SEC001578,5,Underfilled
2020-21,Spring,C00384,Data Science UG Course 6,SEC001579,5,Underfilled
2020-21,Spring,C00388,Data Science UG Course 10,SEC001580,5,Underfilled
2020-21,Spring,C00391,Data Science UG Course 13,SEC001581,5,Underfilled
2020-21,Spring,C00392,Data Science UG Course 14,SEC001582,4,Underfilled
2020-21,Spring,C00393,Data Science UG Course 15,SEC001583,1,Underfilled
2020-21,Spring,C00394,Data Science UG Course 16,SEC001584,4,Underfilled
2020-21,Spring,C00395,Data Science UG Course 17,SEC001585,6,Underfilled
2020-21,Spring,C00397,Data Science UG Course 19,SEC001586,2,Underfilled
2020-21,Spring,C00398,Data Science UG Course 20,SEC001587,5,Underfilled
2020-21,Spring,C00399,Data Science UG Course 21,SEC001588,4,Underfilled
2020-21,Spring,C00400,Data Science UG Course 22,SEC001589,1,Underfilled
2020-21,Spring,C00401,Data Science UG Course 23,SEC001590,27,Optimal
2020-21,Spring,C00401,Data Science UG Course 23,SEC001591,26,Optimal
2020-21,Spring,C00403,Data Science UG Course 25,SEC001592,25,Optimal
2020-21,Spring,C00403,Data Science UG Course 25,SEC001593,24,Optimal
2020-21,Spring,C00404,Data Science UG Course 26,SEC001594,3,Underfilled
2020-21,Spring,C00405,Data Science UG Course 27,SEC001595,2,Underfilled
2020-21,Spring,C00406,Data Science UG Course 28,SEC001596,7,Underfilled
2020-21,Spring,C00408,Data Science UG Course 30,SEC001597,27,Optimal
2020-21,Spring,C00408,Data Science UG Course 30,SEC001598,26,Optimal
2020-21,Spring,C00409,Data Science UG Course 31,SEC001599,2,Underfilled
2020-21,Spring,C00411,Data Science UG Course 33,SEC001600,1,Underfilled
2020-21,Spring,C00413,Data Science UG Course 35,SEC001601,5,Underfilled
2020-21,Spring,C00414,Data Science UG Course 36,SEC001602,30,Optimal
2020-21,Spring,C00414,Data Science UG Course 36,SEC001603,30,Optimal
2020-21,Spring,C00415,Data Science UG Course 37,SEC001604,10,Underfilled
2020-21,Spring,C00416,Data Science UG Course 38,SEC001605,10,Underfilled
2020-21,Spring,C00417,Data Science UG Course 39,SEC001606,3,Underfilled
2020-21,Spring,C00420,Data Science PG Course 2,SEC001607,2,Underfilled
2020-21,Spring,C00424,Data Science PG Course 6,SEC001608,10,Underfilled
2020-21,Spring,C00427,Data Science PG Course 9,SEC001609,1,Underfilled
2020-21,Spring,C00433,Cybersecurity UG Course 1,SEC001610,4,Underfilled
2020-21,Spring,C00434,Cybersecurity UG Course 2,SEC001611,1,Underfilled
2020-21,Spring,C00435,Cybersecurity UG Course 3,SEC001612,3,Underfilled
2020-21,Spring,C00436,Cybersecurity UG Course 4,SEC001613,3,Underfilled
2020-21,Spring,C00437,Cybersecurity UG Course 5,SEC001614,1,Underfilled
2020-21,Spring,C00438,Cybersecurity UG Course 6,SEC001615,6,Underfilled
2020-21,Spring,C00441,Cybersecurity UG Course 9,SEC001616,8,Underfilled
2020-21,Spring,C00442,Cybersecurity UG Course 10,SEC001617,5,Underfilled
2020-21,Spring,C00444,Cybersecurity UG Course 12,SEC001618,5,Underfilled
2020-21,Spring,C00446,Cybersecurity UG Course 14,SEC001619,7,Underfilled
2020-21,Spring,C00447,Cybersecurity UG Course 15,SEC001620,2,Underfilled
2020-21,Spring,C00448,Cybersecurity UG Course 16,SEC001621,2,Underfilled
2020-21,Spring,C00449,Cybersecurity UG Course 17,SEC001622,3,Underfilled
2020-21,Spring,C00452,Cybersecurity UG Course 20,SEC001623,2,Underfilled
2020-21,Spring,C00456,Cybersecurity UG Course 24,SEC001624,4,Underfilled
2020-21,Spring,C00457,Cybersecurity UG Course 25,SEC001625,1,Underfilled
2020-21,Spring,C00458,Cybersecurity UG Course 26,SEC001626,1,Underfilled
2020-21,Spring,C00459,Cybersecurity UG Course 27,SEC001627,34,Overfilled
2020-21,Spring,C00460,Cybersecurity UG Course 28,SEC001628,2,Underfilled
2020-21,Spring,C00461,Cybersecurity UG Course 29,SEC001629,5,Underfilled
2020-21,Spring,C00462,Cybersecurity UG Course 30,SEC001630,1,Underfilled
2020-21,Spring,C00463,Cybersecurity UG Course 31,SEC001631,7,Underfilled
2020-21,Spring,C00466,Cybersecurity UG Course 34,SEC001632,3,Underfilled
2020-21,Spring,C00468,Cybersecurity UG Course 36,SEC001633,2,Underfilled
2020-21,Spring,C00474,Cybersecurity PG Course 2,SEC001634,18,Underfilled
2020-21,Spring,C00476,Cybersecurity PG Course 4,SEC001635,16,Underfilled
2020-21,Spring,C00479,Cybersecurity PG Course 7,SEC001636,1,Underfilled
2020-21,Spring,C00480,Cybersecurity PG Course 8,SEC001637,18,Underfilled
2020-21,Spring,C00483,Cybersecurity PG Course 11,SEC001638,14,Underfilled
2020-21,Spring,C00484,Cybersecurity PG Course 12,SEC001639,17,Underfilled
2020-21,Spring,C00486,Cybersecurity PG Course 14,SEC001640,5,Underfilled
2020-21,Spring,C00487,Nursing UG Course 1,SEC001641,2,Underfilled
2020-21,Spring,C00488,Nursing UG Course 2,SEC001642,7,Underfilled
2020-21,Spring,C00490,Nursing UG Course 4,SEC001643,24,Optimal
2020-21,Spring,C00490,Nursing UG Course 4,SEC001644,24,Optimal
2020-21,Spring,C00490,Nursing UG Course 4,SEC001645,23,Optimal
2020-21,Spring,C00492,Nursing UG Course 6,SEC001646,7,Underfilled
2020-21,Spring,C00494,Nursing UG Course 8,SEC001647,1,Underfilled
2020-21,Spring,C00495,Nursing UG Course 9,SEC001648,22,Optimal
2020-21,Spring,C00495,Nursing UG Course 9,SEC001649,22,Optimal
2020-21,Spring,C00495,Nursing UG Course 9,SEC001650,21,Optimal
2020-21,Spring,C00499,Nursing UG Course 13,SEC001651,2,Underfilled
2020-21,Spring,C00500,Nursing UG Course 14,SEC001652,1,Underfilled
2020-21,Spring,C00502,Nursing UG Course 16,SEC001653,4,Underfilled
2020-21,Spring,C00505,Nursing UG Course 19,SEC001654,7,Underfilled
2020-21,Spring,C00506,Nursing UG Course 20,SEC001655,1,Underfilled
2020-21,Spring,C00507,Nursing UG Course 21,SEC001656,1,Underfilled
2020-21,Spring,C00508,Nursing UG Course 22,SEC001657,5,Underfilled
2020-21,Spring,C00509,Nursing UG Course 23,SEC001658,1,Underfilled
2020-21,Spring,C00510,Nursing UG Course 24,SEC001659,1,Underfilled
2020-21,Spring,C00511,Nursing UG Course 25,SEC001660,1,Underfilled
2020-21,Spring,C00513,Nursing UG Course 27,SEC001661,8,Underfilled
2020-21,Spring,C00515,Nursing UG Course 29,SEC001662,7,Underfilled
2020-21,Spring,C00517,Nursing UG Course 31,SEC001663,23,Optimal
2020-21,Spring,C00517,Nursing UG Course 31,SEC001664,23,Optimal
2020-21,Spring,C00517,Nursing UG Course 31,SEC001665,22,Optimal
2020-21,Spring,C00520,Nursing UG Course 34,SEC001666,25,Optimal
2020-21,Spring,C00520,Nursing UG Course 34,SEC001667,25,Optimal
2020-21,Spring,C00520,Nursing UG Course 34,SEC001668,24,Optimal
2020-21,Spring,C00522,Nursing UG Course 36,SEC001669,3,Underfilled
2020-21,Spring,C00526,Nursing UG Course 40,SEC001670,2,Underfilled
2020-21,Spring,C00527,Nursing PG Course 1,SEC001671,1,Underfilled
2020-21,Spring,C00528,Nursing PG Course 2,SEC001672,10,Underfilled
2020-21,Spring,C00530,Nursing PG Course 4,SEC001673,12,Underfilled
2020-21,Spring,C00531,Nursing PG Course 5,SEC001674,11,Underfilled
2020-21,Spring,C00532,Nursing PG Course 6,SEC001675,10,Underfilled
2020-21,Spring,C00533,Nursing PG Course 7,SEC001676,2,Underfilled
2020-21,Spring,C00534,Nursing PG Course 8,SEC001677,20,Optimal
2020-21,Spring,C00537,Nursing PG Course 11,SEC001678,9,Underfilled
2020-21,Spring,C00540,Nursing PG Course 14,SEC001679,8,Underfilled
2020-21,Spring,C00541,Public Health UG Course 1,SEC001680,21,Optimal
2020-21,Spring,C00541,Public Health UG Course 1,SEC001681,21,Optimal
2020-21,Spring,C00541,Public Health UG Course 1,SEC001682,21,Optimal
2020-21,Spring,C00542,Public Health UG Course 2,SEC001683,3,Underfilled
2020-21,Spring,C00543,Public Health UG Course 3,SEC001684,4,Underfilled
2020-21,Spring,C00544,Public Health UG Course 4,SEC001685,14,Underfilled
2020-21,Spring,C00546,Public Health UG Course 6,SEC001686,5,Underfilled
2020-21,Spring,C00547,Public Health UG Course 7,SEC001687,4,Underfilled
2020-21,Spring,C00548,Public Health UG Course 8,SEC001688,3,Underfilled
2020-21,Spring,C00550,Public Health UG Course 10,SEC001689,22,Optimal
2020-21,Spring,C00550,Public Health UG Course 10,SEC001690,22,Optimal
2020-21,Spring,C00551,Public Health UG Course 11,SEC001691,6,Underfilled
2020-21,Spring,C00552,Public Health UG Course 12,SEC001692,11,Underfilled
2020-21,Spring,C00553,Public Health UG Course 13,SEC001693,8,Underfilled
2020-21,Spring,C00555,Public Health UG Course 15,SEC001694,3,Underfilled
2020-21,Spring,C00557,Public Health UG Course 17,SEC001695,2,Underfilled
2020-21,Spring,C00558,Public Health UG Course 18,SEC001696,3,Underfilled
2020-21,Spring,C00560,Public Health UG Course 20,SEC001697,4,Underfilled
2020-21,Spring,C00561,Public Health UG Course 21,SEC001698,15,Underfilled
2020-21,Spring,C00562,Public Health UG Course 22,SEC001699,1,Underfilled
2020-21,Spring,C00564,Public Health UG Course 24,SEC001700,3,Underfilled
2020-21,Spring,C00565,Public Health UG Course 25,SEC001701,8,Underfilled
2020-21,Spring,C00566,Public Health UG Course 26,SEC001702,5,Underfilled
2020-21,Spring,C00568,Public Health UG Course 28,SEC001703,3,Underfilled
2020-21,Spring,C00569,Public Health UG Course 29,SEC001704,1,Underfilled
2020-21,Spring,C00570,Public Health UG Course 30,SEC001705,4,Underfilled
2020-21,Spring,C00571,Public Health UG Course 31,SEC001706,4,Underfilled
2020-21,Spring,C00573,Public Health UG Course 33,SEC001707,2,Underfilled
2020-21,Spring,C00576,Public Health UG Course 36,SEC001708,4,Underfilled
2020-21,Spring,C00577,Public Health UG Course 37,SEC001709,1,Underfilled
2020-21,Spring,C00578,Public Health UG Course 38,SEC001710,4,Underfilled
2020-21,Spring,C00580,Public Health UG Course 40,SEC001711,5,Underfilled
2020-21,Spring,C00589,Public Health PG Course 9,SEC001712,2,Underfilled
2020-21,Spring,C00590,Public Health PG Course 10,SEC001713,2,Underfilled
2020-21,Spring,C00594,Public Health PG Course 14,SEC001714,1,Underfilled
2020-21,Spring,C00595,Pharmacy UG Course 1,SEC001715,5,Underfilled
2020-21,Spring,C00596,Pharmacy UG Course 2,SEC001716,3,Underfilled
2020-21,Spring,C00598,Pharmacy UG Course 4,SEC001717,2,Underfilled
2020-21,Spring,C00599,Pharmacy UG Course 5,SEC001718,2,Underfilled
2020-21,Spring,C00600,Pharmacy UG Course 6,SEC001719,3,Underfilled
2020-21,Spring,C00601,Pharmacy UG Course 7,SEC001720,22,Optimal
2020-21,Spring,C00601,Pharmacy UG Course 7,SEC001721,22,Optimal
2020-21,Spring,C00603,Pharmacy UG Course 9,SEC001722,17,Underfilled
2020-21,Spring,C00604,Pharmacy UG Course 10,SEC001723,4,Underfilled
2020-21,Spring,C00606,Pharmacy UG Course 12,SEC001724,8,Underfilled
2020-21,Spring,C00607,Pharmacy UG Course 13,SEC001725,6,Underfilled
2020-21,Spring,C00608,Pharmacy UG Course 14,SEC001726,4,Underfilled
2020-21,Spring,C00609,Pharmacy UG Course 15,SEC001727,1,Underfilled
2020-21,Spring,C00610,Pharmacy UG Course 16,SEC001728,2,Underfilled
2020-21,Spring,C00611,Pharmacy UG Course 17,SEC001729,2,Underfilled
2020-21,Spring,C00613,Pharmacy UG Course 19,SEC001730,3,Underfilled
2020-21,Spring,C00614,Pharmacy UG Course 20,SEC001731,4,Underfilled
2020-21,Spring,C00615,Pharmacy UG Course 21,SEC001732,4,Underfilled
2020-21,Spring,C00618,Pharmacy UG Course 24,SEC001733,1,Underfilled
2020-21,Spring,C00619,Pharmacy UG Course 25,SEC001734,4,Underfilled
2020-21,Spring,C00620,Pharmacy UG Course 26,SEC001735,5,Underfilled
2020-21,Spring,C00621,Pharmacy UG Course 27,SEC001736,4,Underfilled
2020-21,Spring,C00623,Pharmacy UG Course 29,SEC001737,10,Underfilled
2020-21,Spring,C00624,Pharmacy UG Course 30,SEC001738,4,Underfilled
2020-21,Spring,C00628,Pharmacy UG Course 34,SEC001739,3,Underfilled
2020-21,Spring,C00629,Pharmacy UG Course 35,SEC001740,3,Underfilled
2020-21,Spring,C00630,Pharmacy UG Course 36,SEC001741,17,Underfilled
2020-21,Spring,C00631,Pharmacy UG Course 37,SEC001742,5,Underfilled
2020-21,Spring,C00632,Pharmacy UG Course 38,SEC001743,3,Underfilled
2020-21,Spring,C00634,Pharmacy UG Course 40,SEC001744,20,Optimal
2020-21,Spring,C00634,Pharmacy UG Course 40,SEC001745,19,Underfilled
2020-21,Spring,C00640,Pharmacy PG Course 6,SEC001746,1,Underfilled
2020-21,Spring,C00642,Pharmacy PG Course 8,SEC001747,1,Underfilled
2020-21,Spring,C00644,Pharmacy PG Course 10,SEC001748,12,Underfilled
2020-21,Spring,C00650,Psychology UG Course 2,SEC001749,40,Overfilled
2020-21,Spring,C00650,Psychology UG Course 2,SEC001750,39,Overfilled
2020-21,Spring,C00652,Psychology UG Course 4,SEC001751,6,Underfilled
2020-21,Spring,C00653,Psychology UG Course 5,SEC001752,7,Underfilled
2020-21,Spring,C00654,Psychology UG Course 6,SEC001753,10,Underfilled
2020-21,Spring,C00655,Psychology UG Course 7,SEC001754,10,Underfilled
2020-21,Spring,C00656,Psychology UG Course 8,SEC001755,9,Underfilled
2020-21,Spring,C00657,Psychology UG Course 9,SEC001756,4,Underfilled
2020-21,Spring,C00658,Psychology UG Course 10,SEC001757,6,Underfilled
2020-21,Spring,C00660,Psychology UG Course 12,SEC001758,8,Underfilled
2020-21,Spring,C00661,Psychology UG Course 13,SEC001759,4,Underfilled
2020-21,Spring,C00664,Psychology UG Course 16,SEC001760,2,Underfilled
2020-21,Spring,C00665,Psychology UG Course 17,SEC001761,5,Underfilled
2020-21,Spring,C00666,Psychology UG Course 18,SEC001762,36,Overfilled
2020-21,Spring,C00667,Psychology UG Course 19,SEC001763,1,Underfilled
2020-21,Spring,C00668,Psychology UG Course 20,SEC001764,4,Underfilled
2020-21,Spring,C00670,Psychology UG Course 22,SEC001765,5,Underfilled
2020-21,Spring,C00671,Psychology UG Course 23,SEC001766,9,Underfilled
2020-21,Spring,C00672,Psychology UG Course 24,SEC001767,3,Underfilled
2020-21,Spring,C00673,Psychology UG Course 25,SEC001768,3,Underfilled
2020-21,Spring,C00674,Psychology UG Course 26,SEC001769,1,Underfilled
2020-21,Spring,C00675,Psychology UG Course 27,SEC001770,9,Underfilled
2020-21,Spring,C00676,Psychology UG Course 28,SEC001771,4,Underfilled
2020-21,Spring,C00677,Psychology UG Course 29,SEC001772,9,Underfilled
2020-21,Spring,C00678,Psychology UG Course 30,SEC001773,2,Underfilled
2020-21,Spring,C00679,Psychology UG Course 31,SEC001774,1,Underfilled
2020-21,Spring,C00680,Psychology UG Course 32,SEC001775,3,Underfilled
2020-21,Spring,C00681,Psychology UG Course 33,SEC001776,2,Underfilled
2020-21,Spring,C00682,Psychology UG Course 34,SEC001777,2,Underfilled
2020-21,Spring,C00683,Psychology UG Course 35,SEC001778,9,Underfilled
2020-21,Spring,C00684,Psychology UG Course 36,SEC001779,3,Underfilled
2020-21,Spring,C00685,Psychology UG Course 37,SEC001780,40,Overfilled
2020-21,Spring,C00686,Psychology UG Course 38,SEC001781,32,Overfilled
2020-21,Spring,C00686,Psychology UG Course 38,SEC001782,31,Overfilled
2020-21,Spring,C00688,Psychology UG Course 40,SEC001783,10,Underfilled
2020-21,Spring,C00703,Education UG Course 1,SEC001784,5,Underfilled
2020-21,Spring,C00704,Education UG Course 2,SEC001785,1,Underfilled
2020-21,Spring,C00705,Education UG Course 3,SEC001786,3,Underfilled
2020-21,Spring,C00707,Education UG Course 5,SEC001787,6,Underfilled
2020-21,Spring,C00709,Education UG Course 7,SEC001788,7,Underfilled
2020-21,Spring,C00710,Education UG Course 8,SEC001789,1,Underfilled
2020-21,Spring,C00711,Education UG Course 9,SEC001790,9,Underfilled
2020-21,Spring,C00712,Education UG Course 10,SEC001791,4,Underfilled
2020-21,Spring,C00713,Education UG Course 11,SEC001792,4,Underfilled
2020-21,Spring,C00715,Education UG Course 13,SEC001793,1,Underfilled
2020-21,Spring,C00716,Education UG Course 14,SEC001794,3,Underfilled
2020-21,Spring,C00717,Education UG Course 15,SEC001795,1,Underfilled
2020-21,Spring,C00718,Education UG Course 16,SEC001796,1,Underfilled
2020-21,Spring,C00719,Education UG Course 17,SEC001797,1,Underfilled
2020-21,Spring,C00720,Education UG Course 18,SEC001798,8,Underfilled
2020-21,Spring,C00722,Education UG Course 20,SEC001799,3,Underfilled
2020-21,Spring,C00724,Education UG Course 22,SEC001800,3,Underfilled
2020-21,Spring,C00726,Education UG Course 24,SEC001801,11,Underfilled
2020-21,Spring,C00727,Education UG Course 25,SEC001802,4,Underfilled
2020-21,Spring,C00728,Education UG Course 26,SEC001803,33,Overfilled
2020-21,Spring,C00728,Education UG Course 26,SEC001804,33,Overfilled
2020-21,Spring,C00729,Education UG Course 27,SEC001805,1,Underfilled
2020-21,Spring,C00730,Education UG Course 28,SEC001806,8,Underfilled
2020-21,Spring,C00731,Education UG Course 29,SEC001807,9,Underfilled
2020-21,Spring,C00732,Education UG Course 30,SEC001808,3,Underfilled
2020-21,Spring,C00733,Education UG Course 31,SEC001809,1,Underfilled
2020-21,Spring,C00734,Education UG Course 32,SEC001810,3,Underfilled
2020-21,Spring,C00735,Education UG Course 33,SEC001811,1,Underfilled
2020-21,Spring,C00736,Education UG Course 34,SEC001812,2,Underfilled
2020-21,Spring,C00737,Education UG Course 35,SEC001813,4,Underfilled
2020-21,Spring,C00739,Education UG Course 37,SEC001814,2,Underfilled
2020-21,Spring,C00741,Education UG Course 39,SEC001815,6,Underfilled
2020-21,Spring,C00759,Media UG Course 3,SEC001816,1,Underfilled
2020-21,Spring,C00760,Media UG Course 4,SEC001817,4,Underfilled
2020-21,Spring,C00761,Media UG Course 5,SEC001818,13,Underfilled
2020-21,Spring,C00762,Media UG Course 6,SEC001819,37,Overfilled
2020-21,Spring,C00762,Media UG Course 6,SEC001820,37,Overfilled
2020-21,Spring,C00763,Media UG Course 7,SEC001821,8,Underfilled
2020-21,Spring,C00764,Media UG Course 8,SEC001822,36,Overfilled
2020-21,Spring,C00767,Media UG Course 11,SEC001823,4,Underfilled
2020-21,Spring,C00770,Media UG Course 14,SEC001824,12,Underfilled
2020-21,Spring,C00771,Media UG Course 15,SEC001825,8,Underfilled
2020-21,Spring,C00774,Media UG Course 18,SEC001826,4,Underfilled
2020-21,Spring,C00775,Media UG Course 19,SEC001827,1,Underfilled
2020-21,Spring,C00776,Media UG Course 20,SEC001828,1,Underfilled
2020-21,Spring,C00778,Media UG Course 22,SEC001829,1,Underfilled
2020-21,Spring,C00780,Media UG Course 24,SEC001830,38,Overfilled
2020-21,Spring,C00780,Media UG Course 24,SEC001831,38,Overfilled
2020-21,Spring,C00783,Media UG Course 27,SEC001832,9,Underfilled
2020-21,Spring,C00784,Media UG Course 28,SEC001833,3,Underfilled
2020-21,Spring,C00785,Media UG Course 29,SEC001834,7,Underfilled
2020-21,Spring,C00788,Media UG Course 32,SEC001835,8,Underfilled
2020-21,Spring,C00790,Media UG Course 34,SEC001836,12,Underfilled
2020-21,Spring,C00792,Media UG Course 36,SEC001837,8,Underfilled
2020-21,Spring,C00793,Media UG Course 37,SEC001838,6,Underfilled
2020-21,Spring,C00795,Media UG Course 39,SEC001839,10,Underfilled
2020-21,Spring,C00796,Media UG Course 40,SEC001840,3,Underfilled
2021-22,Fall,C00001,Management UG Course 1,SEC001841,5,Underfilled
2021-22,Fall,C00003,Management UG Course 3,SEC001842,16,Underfilled
2021-22,Fall,C00004,Management UG Course 4,SEC001843,7,Underfilled
2021-22,Fall,C00005,Management UG Course 5,SEC001844,6,Underfilled
2021-22,Fall,C00007,Management UG Course 7,SEC001845,4,Underfilled
2021-22,Fall,C00008,Management UG Course 8,SEC001846,2,Underfilled
2021-22,Fall,C00010,Management UG Course 10,SEC001847,8,Underfilled
2021-22,Fall,C00011,Management UG Course 11,SEC001848,6,Underfilled
2021-22,Fall,C00012,Management UG Course 12,SEC001849,3,Underfilled
2021-22,Fall,C00013,Management UG Course 13,SEC001850,12,Underfilled
2021-22,Fall,C00014,Management UG Course 14,SEC001851,7,Underfilled
2021-22,Fall,C00016,Management UG Course 16,SEC001852,6,Underfilled
2021-22,Fall,C00017,Management UG Course 17,SEC001853,10,Underfilled
2021-22,Fall,C00019,Management UG Course 19,SEC001854,5,Underfilled
2021-22,Fall,C00020,Management UG Course 20,SEC001855,3,Underfilled
2021-22,Fall,C00021,Management UG Course 21,SEC001856,1,Underfilled
2021-22,Fall,C00022,Management UG Course 22,SEC001857,37,Overfilled
2021-22,Fall,C00022,Management UG Course 22,SEC001858,36,Overfilled
2021-22,Fall,C00023,Management UG Course 23,SEC001859,3,Underfilled
2021-22,Fall,C00024,Management UG Course 24,SEC001860,9,Underfilled
2021-22,Fall,C00025,Management UG Course 25,SEC001861,5,Underfilled
2021-22,Fall,C00026,Management UG Course 26,SEC001862,5,Underfilled
2021-22,Fall,C00027,Management UG Course 27,SEC001863,5,Underfilled
2021-22,Fall,C00029,Management UG Course 29,SEC001864,4,Underfilled
2021-22,Fall,C00030,Management UG Course 30,SEC001865,38,Overfilled
2021-22,Fall,C00030,Management UG Course 30,SEC001866,37,Overfilled
2021-22,Fall,C00031,Management UG Course 31,SEC001867,8,Underfilled
2021-22,Fall,C00032,Management UG Course 32,SEC001868,6,Underfilled
2021-22,Fall,C00033,Management UG Course 33,SEC001869,43,Overfilled
2021-22,Fall,C00033,Management UG Course 33,SEC001870,43,Overfilled
2021-22,Fall,C00034,Management UG Course 34,SEC001871,16,Underfilled
2021-22,Fall,C00035,Management UG Course 35,SEC001872,10,Underfilled
2021-22,Fall,C00038,Management UG Course 38,SEC001873,4,Underfilled
2021-22,Fall,C00039,Management UG Course 39,SEC001874,8,Underfilled
2021-22,Fall,C00040,Management UG Course 40,SEC001875,4,Underfilled
2021-22,Fall,C00055,Finance UG Course 1,SEC001876,5,Underfilled
2021-22,Fall,C00056,Finance UG Course 2,SEC001877,2,Underfilled
2021-22,Fall,C00057,Finance UG Course 3,SEC001878,14,Underfilled
2021-22,Fall,C00058,Finance UG Course 4,SEC001879,9,Underfilled
2021-22,Fall,C00060,Finance UG Course 6,SEC001880,6,Underfilled
2021-22,Fall,C00061,Finance UG Course 7,SEC001881,1,Underfilled
2021-22,Fall,C00062,Finance UG Course 8,SEC001882,10,Underfilled
2021-22,Fall,C00063,Finance UG Course 9,SEC001883,7,Underfilled
2021-22,Fall,C00064,Finance UG Course 10,SEC001884,3,Underfilled
2021-22,Fall,C00065,Finance UG Course 11,SEC001885,3,Underfilled
2021-22,Fall,C00066,Finance UG Course 12,SEC001886,1,Underfilled
2021-22,Fall,C00068,Finance UG Course 14,SEC001887,5,Underfilled
2021-22,Fall,C00069,Finance UG Course 15,SEC001888,1,Underfilled
2021-22,Fall,C00070,Finance UG Course 16,SEC001889,7,Underfilled
2021-22,Fall,C00071,Finance UG Course 17,SEC001890,2,Underfilled
2021-22,Fall,C00072,Finance UG Course 18,SEC001891,8,Underfilled
2021-22,Fall,C00073,Finance UG Course 19,SEC001892,39,Overfilled
2021-22,Fall,C00073,Finance UG Course 19,SEC001893,39,Overfilled
2021-22,Fall,C00074,Finance UG Course 20,SEC001894,5,Underfilled
2021-22,Fall,C00075,Finance UG Course 21,SEC001895,5,Underfilled
2021-22,Fall,C00076,Finance UG Course 22,SEC001896,7,Underfilled
2021-22,Fall,C00077,Finance UG Course 23,SEC001897,3,Underfilled
2021-22,Fall,C00078,Finance UG Course 24,SEC001898,3,Underfilled
2021-22,Fall,C00079,Finance UG Course 25,SEC001899,2,Underfilled
2021-22,Fall,C00080,Finance UG Course 26,SEC001900,2,Underfilled
2021-22,Fall,C00081,Finance UG Course 27,SEC001901,4,Underfilled
2021-22,Fall,C00083,Finance UG Course 29,SEC001902,3,Underfilled
2021-22,Fall,C00084,Finance UG Course 30,SEC001903,6,Underfilled
2021-22,Fall,C00085,Finance UG Course 31,SEC001904,3,Underfilled
2021-22,Fall,C00087,Finance UG Course 33,SEC001905,2,Underfilled
2021-22,Fall,C00088,Finance UG Course 34,SEC001906,7,Underfilled
2021-22,Fall,C00090,Finance UG Course 36,SEC001907,5,Underfilled
2021-22,Fall,C00092,Finance UG Course 38,SEC001908,17,Underfilled
2021-22,Fall,C00093,Finance UG Course 39,SEC001909,5,Underfilled
2021-22,Fall,C00109,Marketing UG Course 1,SEC001910,6,Underfilled
2021-22,Fall,C00110,Marketing UG Course 2,SEC001911,4,Underfilled
2021-22,Fall,C00111,Marketing UG Course 3,SEC001912,6,Underfilled
2021-22,Fall,C00112,Marketing UG Course 4,SEC001913,1,Underfilled
2021-22,Fall,C00113,Marketing UG Course 5,SEC001914,1,Underfilled
2021-22,Fall,C00114,Marketing UG Course 6,SEC001915,11,Underfilled
2021-22,Fall,C00115,Marketing UG Course 7,SEC001916,5,Underfilled
2021-22,Fall,C00116,Marketing UG Course 8,SEC001917,4,Underfilled
2021-22,Fall,C00117,Marketing UG Course 9,SEC001918,6,Underfilled
2021-22,Fall,C00119,Marketing UG Course 11,SEC001919,8,Underfilled
2021-22,Fall,C00120,Marketing UG Course 12,SEC001920,2,Underfilled
2021-22,Fall,C00121,Marketing UG Course 13,SEC001921,1,Underfilled
2021-22,Fall,C00122,Marketing UG Course 14,SEC001922,5,Underfilled
2021-22,Fall,C00123,Marketing UG Course 15,SEC001923,41,Overfilled
2021-22,Fall,C00123,Marketing UG Course 15,SEC001924,40,Overfilled
2021-22,Fall,C00124,Marketing UG Course 16,SEC001925,2,Underfilled
2021-22,Fall,C00125,Marketing UG Course 17,SEC001926,1,Underfilled
2021-22,Fall,C00126,Marketing UG Course 18,SEC001927,7,Underfilled
2021-22,Fall,C00127,Marketing UG Course 19,SEC001928,2,Underfilled
2021-22,Fall,C00128,Marketing UG Course 20,SEC001929,3,Underfilled
2021-22,Fall,C00129,Marketing UG Course 21,SEC001930,2,Underfilled
2021-22,Fall,C00131,Marketing UG Course 23,SEC001931,6,Underfilled
2021-22,Fall,C00132,Marketing UG Course 24,SEC001932,2,Underfilled
2021-22,Fall,C00134,Marketing UG Course 26,SEC001933,3,Underfilled
2021-22,Fall,C00135,Marketing UG Course 27,SEC001934,13,Underfilled
2021-22,Fall,C00137,Marketing UG Course 29,SEC001935,6,Underfilled
2021-22,Fall,C00138,Marketing UG Course 30,SEC001936,11,Underfilled
2021-22,Fall,C00139,Marketing UG Course 31,SEC001937,1,Underfilled
2021-22,Fall,C00140,Marketing UG Course 32,SEC001938,3,Underfilled
2021-22,Fall,C00141,Marketing UG Course 33,SEC001939,7,Underfilled
2021-22,Fall,C00142,Marketing UG Course 34,SEC001940,2,Underfilled
2021-22,Fall,C00143,Marketing UG Course 35,SEC001941,4,Underfilled
2021-22,Fall,C00144,Marketing UG Course 36,SEC001942,3,Underfilled
2021-22,Fall,C00145,Marketing UG Course 37,SEC001943,6,Underfilled
2021-22,Fall,C00147,Marketing UG Course 39,SEC001944,8,Underfilled
2021-22,Fall,C00163,Civil UG Course 1,SEC001945,8,Underfilled
2021-22,Fall,C00165,Civil UG Course 3,SEC001946,2,Underfilled
2021-22,Fall,C00167,Civil UG Course 5,SEC001947,5,Underfilled
2021-22,Fall,C00168,Civil UG Course 6,SEC001948,2,Underfilled
2021-22,Fall,C00169,Civil UG Course 7,SEC001949,5,Underfilled
2021-22,Fall,C00171,Civil UG Course 9,SEC001950,4,Underfilled
2021-22,Fall,C00172,Civil UG Course 10,SEC001951,8,Underfilled
2021-22,Fall,C00174,Civil UG Course 12,SEC001952,9,Underfilled
2021-22,Fall,C00175,Civil UG Course 13,SEC001953,2,Underfilled
2021-22,Fall,C00176,Civil UG Course 14,SEC001954,7,Underfilled
2021-22,Fall,C00177,Civil UG Course 15,SEC001955,2,Underfilled
2021-22,Fall,C00179,Civil UG Course 17,SEC001956,3,Underfilled
2021-22,Fall,C00180,Civil UG Course 18,SEC001957,7,Underfilled
2021-22,Fall,C00181,Civil UG Course 19,SEC001958,3,Underfilled
2021-22,Fall,C00182,Civil UG Course 20,SEC001959,7,Underfilled
2021-22,Fall,C00184,Civil UG Course 22,SEC001960,3,Underfilled
2021-22,Fall,C00185,Civil UG Course 23,SEC001961,4,Underfilled
2021-22,Fall,C00186,Civil UG Course 24,SEC001962,8,Underfilled
2021-22,Fall,C00188,Civil UG Course 26,SEC001963,2,Underfilled
2021-22,Fall,C00189,Civil UG Course 27,SEC001964,9,Underfilled
2021-22,Fall,C00190,Civil UG Course 28,SEC001965,4,Underfilled
2021-22,Fall,C00191,Civil UG Course 29,SEC001966,14,Underfilled
2021-22,Fall,C00193,Civil UG Course 31,SEC001967,4,Underfilled
2021-22,Fall,C00194,Civil UG Course 32,SEC001968,3,Underfilled
2021-22,Fall,C00195,Civil UG Course 33,SEC001969,12,Underfilled
2021-22,Fall,C00196,Civil UG Course 34,SEC001970,8,Underfilled
2021-22,Fall,C00197,Civil UG Course 35,SEC001971,8,Underfilled
2021-22,Fall,C00198,Civil UG Course 36,SEC001972,4,Underfilled
2021-22,Fall,C00199,Civil UG Course 37,SEC001973,2,Underfilled
2021-22,Fall,C00200,Civil UG Course 38,SEC001974,6,Underfilled
2021-22,Fall,C00201,Civil UG Course 39,SEC001975,3,Underfilled
2021-22,Fall,C00202,Civil UG Course 40,SEC001976,10,Underfilled
2021-22,Fall,C00203,Civil PG Course 1,SEC001977,1,Underfilled
2021-22,Fall,C00204,Civil PG Course 2,SEC001978,13,Underfilled
2021-22,Fall,C00206,Civil PG Course 4,SEC001979,17,Underfilled
2021-22,Fall,C00209,Civil PG Course 7,SEC001980,1,Underfilled
2021-22,Fall,C00210,Civil PG Course 8,SEC001981,15,Underfilled
2021-22,Fall,C00212,Civil PG Course 10,SEC001982,4,Underfilled
2021-22,Fall,C00213,Civil PG Course 11,SEC001983,16,Underfilled
2021-22,Fall,C00214,Civil PG Course 12,SEC001984,17,Underfilled
2021-22,Fall,C00218,Mechanical UG Course 2,SEC001985,2,Underfilled
2021-22,Fall,C00219,Mechanical UG Course 3,SEC001986,1,Underfilled
2021-22,Fall,C00220,Mechanical UG Course 4,SEC001987,3,Underfilled
2021-22,Fall,C00224,Mechanical UG Course 8,SEC001988,14,Underfilled
2021-22,Fall,C00227,Mechanical UG Course 11,SEC001989,31,Overfilled
2021-22,Fall,C00232,Mechanical UG Course 16,SEC001990,12,Underfilled
2021-22,Fall,C00233,Mechanical UG Course 17,SEC001991,2,Underfilled
2021-22,Fall,C00234,Mechanical UG Course 18,SEC001992,4,Underfilled
2021-22,Fall,C00235,Mechanical UG Course 19,SEC001993,4,Underfilled
2021-22,Fall,C00236,Mechanical UG Course 20,SEC001994,3,Underfilled
2021-22,Fall,C00237,Mechanical UG Course 21,SEC001995,5,Underfilled
2021-22,Fall,C00238,Mechanical UG Course 22,SEC001996,4,Underfilled
2021-22,Fall,C00242,Mechanical UG Course 26,SEC001997,15,Underfilled
2021-22,Fall,C00243,Mechanical UG Course 27,SEC001998,10,Underfilled
2021-22,Fall,C00244,Mechanical UG Course 28,SEC001999,5,Underfilled
2021-22,Fall,C00245,Mechanical UG Course 29,SEC002000,9,Underfilled
2021-22,Fall,C00250,Mechanical UG Course 34,SEC002001,4,Underfilled
2021-22,Fall,C00251,Mechanical UG Course 35,SEC002002,4,Underfilled
2021-22,Fall,C00253,Mechanical UG Course 37,SEC002003,20,Optimal
2021-22,Fall,C00253,Mechanical UG Course 37,SEC002004,19,Underfilled
2021-22,Fall,C00254,Mechanical UG Course 38,SEC002005,6,Underfilled
2021-22,Fall,C00255,Mechanical UG Course 39,SEC002006,5,Underfilled
2021-22,Fall,C00257,Mechanical PG Course 1,SEC002007,10,Underfilled
2021-22,Fall,C00259,Mechanical PG Course 3,SEC002008,1,Underfilled
2021-22,Fall,C00260,Mechanical PG Course 4,SEC002009,7,Underfilled
2021-22,Fall,C00264,Mechanical PG Course 8,SEC002010,10,Underfilled
2021-22,Fall,C00265,Mechanical PG Course 9,SEC002011,14,Underfilled
2021-22,Fall,C00266,Mechanical PG Course 10,SEC002012,11,Underfilled
2021-22,Fall,C00268,Mechanical PG Course 12,SEC002013,14,Underfilled
2021-22,Fall,C00269,Mechanical PG Course 13,SEC002014,15,Underfilled
2021-22,Fall,C00278,Electrical UG Course 8,SEC002015,1,Underfilled
2021-22,Fall,C00279,Electrical UG Course 9,SEC002016,1,Underfilled
2021-22,Fall,C00284,Electrical UG Course 14,SEC002017,30,Optimal
2021-22,Fall,C00296,Electrical UG Course 26,SEC002018,32,Overfilled
2021-22,Fall,C00301,Electrical UG Course 31,SEC002019,28,Optimal
2021-22,Fall,C00311,Electrical PG Course 1,SEC002020,8,Underfilled
2021-22,Fall,C00313,Electrical PG Course 3,SEC002021,28,Optimal
2021-22,Fall,C00314,Electrical PG Course 4,SEC002022,10,Underfilled
2021-22,Fall,C00316,Electrical PG Course 6,SEC002023,16,Underfilled
2021-22,Fall,C00317,Electrical PG Course 7,SEC002024,7,Underfilled
2021-22,Fall,C00318,Electrical PG Course 8,SEC002025,32,Overfilled
2021-22,Fall,C00319,Electrical PG Course 9,SEC002026,13,Underfilled
2021-22,Fall,C00320,Electrical PG Course 10,SEC002027,9,Underfilled
2021-22,Fall,C00322,Electrical PG Course 12,SEC002028,1,Underfilled
2021-22,Fall,C00323,Electrical PG Course 13,SEC002029,32,Overfilled
2021-22,Fall,C00324,Electrical PG Course 14,SEC002030,17,Underfilled
2021-22,Fall,C00326,Computer Science UG Course 2,SEC002031,2,Underfilled
2021-22,Fall,C00327,Computer Science UG Course 3,SEC002032,9,Underfilled
2021-22,Fall,C00329,Computer Science UG Course 5,SEC002033,10,Underfilled
2021-22,Fall,C00330,Computer Science UG Course 6,SEC002034,3,Underfilled
2021-22,Fall,C00332,Computer Science UG Course 8,SEC002035,3,Underfilled
2021-22,Fall,C00333,Computer Science UG Course 9,SEC002036,27,Optimal
2021-22,Fall,C00333,Computer Science UG Course 9,SEC002037,26,Optimal
2021-22,Fall,C00334,Computer Science UG Course 10,SEC002038,1,Underfilled
2021-22,Fall,C00335,Computer Science UG Course 11,SEC002039,11,Underfilled
2021-22,Fall,C00336,Computer Science UG Course 12,SEC002040,6,Underfilled
2021-22,Fall,C00337,Computer Science UG Course 13,SEC002041,2,Underfilled
2021-22,Fall,C00338,Computer Science UG Course 14,SEC002042,11,Underfilled
2021-22,Fall,C00340,Computer Science UG Course 16,SEC002043,5,Underfilled
2021-22,Fall,C00342,Computer Science UG Course 18,SEC002044,24,Optimal
2021-22,Fall,C00342,Computer Science UG Course 18,SEC002045,24,Optimal
2021-22,Fall,C00344,Computer Science UG Course 20,SEC002046,6,Underfilled
2021-22,Fall,C00345,Computer Science UG Course 21,SEC002047,2,Underfilled
2021-22,Fall,C00346,Computer Science UG Course 22,SEC002048,15,Underfilled
2021-22,Fall,C00347,Computer Science UG Course 23,SEC002049,10,Underfilled
2021-22,Fall,C00348,Computer Science UG Course 24,SEC002050,3,Underfilled
2021-22,Fall,C00349,Computer Science UG Course 25,SEC002051,9,Underfilled
2021-22,Fall,C00350,Computer Science UG Course 26,SEC002052,7,Underfilled
2021-22,Fall,C00351,Computer Science UG Course 27,SEC002053,4,Underfilled
2021-22,Fall,C00352,Computer Science UG Course 28,SEC002054,3,Underfilled
2021-22,Fall,C00353,Computer Science UG Course 29,SEC002055,2,Underfilled
2021-22,Fall,C00354,Computer Science UG Course 30,SEC002056,3,Underfilled
2021-22,Fall,C00355,Computer Science UG Course 31,SEC002057,9,Underfilled
2021-22,Fall,C00356,Computer Science UG Course 32,SEC002058,3,Underfilled
2021-22,Fall,C00357,Computer Science UG Course 33,SEC002059,10,Underfilled
2021-22,Fall,C00360,Computer Science UG Course 36,SEC002060,4,Underfilled
2021-22,Fall,C00361,Computer Science UG Course 37,SEC002061,5,Underfilled
2021-22,Fall,C00362,Computer Science UG Course 38,SEC002062,1,Underfilled
2021-22,Fall,C00363,Computer Science UG Course 39,SEC002063,1,Underfilled
2021-22,Fall,C00364,Computer Science UG Course 40,SEC002064,4,Underfilled
2021-22,Fall,C00379,Data Science UG Course 1,SEC002065,1,Underfilled
2021-22,Fall,C00380,Data Science UG Course 2,SEC002066,9,Underfilled
2021-22,Fall,C00382,Data Science UG Course 4,SEC002067,11,Underfilled
2021-22,Fall,C00383,Data Science UG Course 5,SEC002068,3,Underfilled
2021-22,Fall,C00384,Data Science UG Course 6,SEC002069,5,Underfilled
2021-22,Fall,C00387,Data Science UG Course 9,SEC002070,10,Underfilled
2021-22,Fall,C00388,Data Science UG Course 10,SEC002071,6,Underfilled
2021-22,Fall,C00389,Data Science UG Course 11,SEC002072,11,Underfilled
2021-22,Fall,C00390,Data Science UG Course 12,SEC002073,10,Underfilled
2021-22,Fall,C00391,Data Science UG Course 13,SEC002074,5,Underfilled
2021-22,Fall,C00392,Data Science UG Course 14,SEC002075,7,Underfilled
2021-22,Fall,C00393,Data Science UG Course 15,SEC002076,8,Underfilled
2021-22,Fall,C00394,Data Science UG Course 16,SEC002077,3,Underfilled
2021-22,Fall,C00395,Data Science UG Course 17,SEC002078,2,Underfilled
2021-22,Fall,C00396,Data Science UG Course 18,SEC002079,7,Underfilled
2021-22,Fall,C00397,Data Science UG Course 19,SEC002080,2,Underfilled
2021-22,Fall,C00398,Data Science UG Course 20,SEC002081,5,Underfilled
2021-22,Fall,C00399,Data Science UG Course 21,SEC002082,7,Underfilled
2021-22,Fall,C00401,Data Science UG Course 23,SEC002083,29,Optimal
2021-22,Fall,C00401,Data Science UG Course 23,SEC002084,29,Optimal
2021-22,Fall,C00402,Data Science UG Course 24,SEC002085,4,Underfilled
2021-22,Fall,C00404,Data Science UG Course 26,SEC002086,3,Underfilled
2021-22,Fall,C00405,Data Science UG Course 27,SEC002087,5,Underfilled
2021-22,Fall,C00408,Data Science UG Course 30,SEC002088,30,Optimal
2021-22,Fall,C00408,Data Science UG Course 30,SEC002089,29,Optimal
2021-22,Fall,C00409,Data Science UG Course 31,SEC002090,2,Underfilled
2021-22,Fall,C00410,Data Science UG Course 32,SEC002091,5,Underfilled
2021-22,Fall,C00411,Data Science UG Course 33,SEC002092,8,Underfilled
2021-22,Fall,C00412,Data Science UG Course 34,SEC002093,3,Underfilled
2021-22,Fall,C00414,Data Science UG Course 36,SEC002094,29,Optimal
2021-22,Fall,C00414,Data Science UG Course 36,SEC002095,28,Optimal
2021-22,Fall,C00417,Data Science UG Course 39,SEC002096,5,Underfilled
2021-22,Fall,C00418,Data Science UG Course 40,SEC002097,3,Underfilled
2021-22,Fall,C00424,Data Science PG Course 6,SEC002098,10,Underfilled
2021-22,Fall,C00427,Data Science PG Course 9,SEC002099,1,Underfilled
2021-22,Fall,C00435,Cybersecurity UG Course 3,SEC002100,1,Underfilled
2021-22,Fall,C00437,Cybersecurity UG Course 5,SEC002101,6,Underfilled
2021-22,Fall,C00438,Cybersecurity UG Course 6,SEC002102,2,Underfilled
2021-22,Fall,C00439,Cybersecurity UG Course 7,SEC002103,4,Underfilled
2021-22,Fall,C00442,Cybersecurity UG Course 10,SEC002104,4,Underfilled
2021-22,Fall,C00443,Cybersecurity UG Course 11,SEC002105,6,Underfilled
2021-22,Fall,C00444,Cybersecurity UG Course 12,SEC002106,1,Underfilled
2021-22,Fall,C00445,Cybersecurity UG Course 13,SEC002107,6,Underfilled
2021-22,Fall,C00448,Cybersecurity UG Course 16,SEC002108,3,Underfilled
2021-22,Fall,C00449,Cybersecurity UG Course 17,SEC002109,1,Underfilled
2021-22,Fall,C00451,Cybersecurity UG Course 19,SEC002110,1,Underfilled
2021-22,Fall,C00452,Cybersecurity UG Course 20,SEC002111,3,Underfilled
2021-22,Fall,C00454,Cybersecurity UG Course 22,SEC002112,4,Underfilled
2021-22,Fall,C00455,Cybersecurity UG Course 23,SEC002113,6,Underfilled
2021-22,Fall,C00456,Cybersecurity UG Course 24,SEC002114,3,Underfilled
2021-22,Fall,C00457,Cybersecurity UG Course 25,SEC002115,3,Underfilled
2021-22,Fall,C00458,Cybersecurity UG Course 26,SEC002116,9,Underfilled
2021-22,Fall,C00459,Cybersecurity UG Course 27,SEC002117,3,Underfilled
2021-22,Fall,C00460,Cybersecurity UG Course 28,SEC002118,1,Underfilled
2021-22,Fall,C00462,Cybersecurity UG Course 30,SEC002119,5,Underfilled
2021-22,Fall,C00463,Cybersecurity UG Course 31,SEC002120,1,Underfilled
2021-22,Fall,C00465,Cybersecurity UG Course 33,SEC002121,5,Underfilled
2021-22,Fall,C00466,Cybersecurity UG Course 34,SEC002122,2,Underfilled
2021-22,Fall,C00467,Cybersecurity UG Course 35,SEC002123,2,Underfilled
2021-22,Fall,C00470,Cybersecurity UG Course 38,SEC002124,2,Underfilled
2021-22,Fall,C00472,Cybersecurity UG Course 40,SEC002125,7,Underfilled
2021-22,Fall,C00474,Cybersecurity PG Course 2,SEC002126,18,Underfilled
2021-22,Fall,C00475,Cybersecurity PG Course 3,SEC002127,5,Underfilled
2021-22,Fall,C00476,Cybersecurity PG Course 4,SEC002128,12,Underfilled
2021-22,Fall,C00480,Cybersecurity PG Course 8,SEC002129,17,Underfilled
2021-22,Fall,C00481,Cybersecurity PG Course 9,SEC002130,5,Underfilled
2021-22,Fall,C00483,Cybersecurity PG Course 11,SEC002131,11,Underfilled
2021-22,Fall,C00484,Cybersecurity PG Course 12,SEC002132,18,Underfilled
2021-22,Fall,C00485,Cybersecurity PG Course 13,SEC002133,5,Underfilled
2021-22,Fall,C00487,Nursing UG Course 1,SEC002134,1,Underfilled
2021-22,Fall,C00489,Nursing UG Course 3,SEC002135,8,Underfilled
2021-22,Fall,C00490,Nursing UG Course 4,SEC002136,23,Optimal
2021-22,Fall,C00490,Nursing UG Course 4,SEC002137,22,Optimal
2021-22,Fall,C00490,Nursing UG Course 4,SEC002138,22,Optimal
2021-22,Fall,C00493,Nursing UG Course 7,SEC002139,7,Underfilled
2021-22,Fall,C00494,Nursing UG Course 8,SEC002140,1,Underfilled
2021-22,Fall,C00495,Nursing UG Course 9,SEC002141,23,Optimal
2021-22,Fall,C00495,Nursing UG Course 9,SEC002142,23,Optimal
2021-22,Fall,C00495,Nursing UG Course 9,SEC002143,22,Optimal
2021-22,Fall,C00497,Nursing UG Course 11,SEC002144,5,Underfilled
2021-22,Fall,C00501,Nursing UG Course 15,SEC002145,7,Underfilled
2021-22,Fall,C00503,Nursing UG Course 17,SEC002146,1,Underfilled
2021-22,Fall,C00504,Nursing UG Course 18,SEC002147,7,Underfilled
2021-22,Fall,C00505,Nursing UG Course 19,SEC002148,3,Underfilled
2021-22,Fall,C00506,Nursing UG Course 20,SEC002149,5,Underfilled
2021-22,Fall,C00507,Nursing UG Course 21,SEC002150,1,Underfilled
2021-22,Fall,C00510,Nursing UG Course 24,SEC002151,1,Underfilled
2021-22,Fall,C00511,Nursing UG Course 25,SEC002152,7,Underfilled
2021-22,Fall,C00512,Nursing UG Course 26,SEC002153,3,Underfilled
2021-22,Fall,C00514,Nursing UG Course 28,SEC002154,3,Underfilled
2021-22,Fall,C00515,Nursing UG Course 29,SEC002155,1,Underfilled
2021-22,Fall,C00517,Nursing UG Course 31,SEC002156,24,Optimal
2021-22,Fall,C00517,Nursing UG Course 31,SEC002157,24,Optimal
2021-22,Fall,C00517,Nursing UG Course 31,SEC002158,23,Optimal
2021-22,Fall,C00518,Nursing UG Course 32,SEC002159,5,Underfilled
2021-22,Fall,C00520,Nursing UG Course 34,SEC002160,21,Optimal
2021-22,Fall,C00520,Nursing UG Course 34,SEC002161,21,Optimal
2021-22,Fall,C00520,Nursing UG Course 34,SEC002162,21,Optimal
2021-22,Fall,C00521,Nursing UG Course 35,SEC002163,6,Underfilled
2021-22,Fall,C00523,Nursing UG Course 37,SEC002164,1,Underfilled
2021-22,Fall,C00525,Nursing UG Course 39,SEC002165,1,Underfilled
2021-22,Fall,C00526,Nursing UG Course 40,SEC002166,2,Underfilled
2021-22,Fall,C00527,Nursing PG Course 1,SEC002167,9,Underfilled
2021-22,Fall,C00528,Nursing PG Course 2,SEC002168,13,Underfilled
2021-22,Fall,C00530,Nursing PG Course 4,SEC002169,12,Underfilled
2021-22,Fall,C00531,Nursing PG Course 5,SEC002170,8,Underfilled
2021-22,Fall,C00533,Nursing PG Course 7,SEC002171,1,Underfilled
2021-22,Fall,C00534,Nursing PG Course 8,SEC002172,11,Underfilled
2021-22,Fall,C00536,Nursing PG Course 10,SEC002173,9,Underfilled
2021-22,Fall,C00537,Nursing PG Course 11,SEC002174,11,Underfilled
2021-22,Fall,C00539,Nursing PG Course 13,SEC002175,10,Underfilled
2021-22,Fall,C00540,Nursing PG Course 14,SEC002176,1,Underfilled
2021-22,Fall,C00541,Public Health UG Course 1,SEC002177,25,Optimal
2021-22,Fall,C00541,Public Health UG Course 1,SEC002178,24,Optimal
2021-22,Fall,C00541,Public Health UG Course 1,SEC002179,24,Optimal
2021-22,Fall,C00542,Public Health UG Course 2,SEC002180,6,Underfilled
2021-22,Fall,C00543,Public Health UG Course 3,SEC002181,2,Underfilled
2021-22,Fall,C00545,Public Health UG Course 5,SEC002182,4,Underfilled
2021-22,Fall,C00547,Public Health UG Course 7,SEC002183,5,Underfilled
2021-22,Fall,C00548,Public Health UG Course 8,SEC002184,5,Underfilled
2021-22,Fall,C00549,Public Health UG Course 9,SEC002185,7,Underfilled
2021-22,Fall,C00550,Public Health UG Course 10,SEC002186,1,Underfilled
2021-22,Fall,C00551,Public Health UG Course 11,SEC002187,8,Underfilled
2021-22,Fall,C00553,Public Health UG Course 13,SEC002188,1,Underfilled
2021-22,Fall,C00554,Public Health UG Course 14,SEC002189,13,Underfilled
2021-22,Fall,C00555,Public Health UG Course 15,SEC002190,4,Underfilled
2021-22,Fall,C00556,Public Health UG Course 16,SEC002191,4,Underfilled
2021-22,Fall,C00557,Public Health UG Course 17,SEC002192,1,Underfilled
2021-22,Fall,C00558,Public Health UG Course 18,SEC002193,1,Underfilled
2021-22,Fall,C00561,Public Health UG Course 21,SEC002194,4,Underfilled
2021-22,Fall,C00562,Public Health UG Course 22,SEC002195,4,Underfilled
2021-22,Fall,C00563,Public Health UG Course 23,SEC002196,17,Underfilled
2021-22,Fall,C00564,Public Health UG Course 24,SEC002197,13,Underfilled
2021-22,Fall,C00565,Public Health UG Course 25,SEC002198,2,Underfilled
2021-22,Fall,C00566,Public Health UG Course 26,SEC002199,7,Underfilled
2021-22,Fall,C00567,Public Health UG Course 27,SEC002200,13,Underfilled
2021-22,Fall,C00568,Public Health UG Course 28,SEC002201,4,Underfilled
2021-22,Fall,C00569,Public Health UG Course 29,SEC002202,1,Underfilled
2021-22,Fall,C00570,Public Health UG Course 30,SEC002203,15,Underfilled
2021-22,Fall,C00571,Public Health UG Course 31,SEC002204,1,Underfilled
2021-22,Fall,C00573,Public Health UG Course 33,SEC002205,1,Underfilled
2021-22,Fall,C00574,Public Health UG Course 34,SEC002206,11,Underfilled
2021-22,Fall,C00575,Public Health UG Course 35,SEC002207,13,Underfilled
2021-22,Fall,C00576,Public Health UG Course 36,SEC002208,1,Underfilled
2021-22,Fall,C00577,Public Health UG Course 37,SEC002209,9,Underfilled
2021-22,Fall,C00578,Public Health UG Course 38,SEC002210,15,Underfilled
2021-22,Fall,C00579,Public Health UG Course 39,SEC002211,5,Underfilled
2021-22,Fall,C00580,Public Health UG Course 40,SEC002212,4,Underfilled
2021-22,Fall,C00590,Public Health PG Course 10,SEC002213,2,Underfilled
2021-22,Fall,C00595,Pharmacy UG Course 1,SEC002214,2,Underfilled
2021-22,Fall,C00596,Pharmacy UG Course 2,SEC002215,5,Underfilled
2021-22,Fall,C00597,Pharmacy UG Course 3,SEC002216,6,Underfilled
2021-22,Fall,C00598,Pharmacy UG Course 4,SEC002217,1,Underfilled
2021-22,Fall,C00599,Pharmacy UG Course 5,SEC002218,3,Underfilled
2021-22,Fall,C00600,Pharmacy UG Course 6,SEC002219,1,Underfilled
2021-22,Fall,C00601,Pharmacy UG Course 7,SEC002220,4,Underfilled
2021-22,Fall,C00602,Pharmacy UG Course 8,SEC002221,3,Underfilled
2021-22,Fall,C00604,Pharmacy UG Course 10,SEC002222,3,Underfilled
2021-22,Fall,C00605,Pharmacy UG Course 11,SEC002223,3,Underfilled
2021-22,Fall,C00608,Pharmacy UG Course 14,SEC002224,6,Underfilled
2021-22,Fall,C00609,Pharmacy UG Course 15,SEC002225,9,Underfilled
2021-22,Fall,C00610,Pharmacy UG Course 16,SEC002226,2,Underfilled
2021-22,Fall,C00611,Pharmacy UG Course 17,SEC002227,13,Underfilled
2021-22,Fall,C00612,Pharmacy UG Course 18,SEC002228,2,Underfilled
2021-22,Fall,C00613,Pharmacy UG Course 19,SEC002229,6,Underfilled
2021-22,Fall,C00614,Pharmacy UG Course 20,SEC002230,9,Underfilled
2021-22,Fall,C00615,Pharmacy UG Course 21,SEC002231,11,Underfilled
2021-22,Fall,C00616,Pharmacy UG Course 22,SEC002232,2,Underfilled
2021-22,Fall,C00617,Pharmacy UG Course 23,SEC002233,4,Underfilled
2021-22,Fall,C00620,Pharmacy UG Course 26,SEC002234,8,Underfilled
2021-22,Fall,C00621,Pharmacy UG Course 27,SEC002235,5,Underfilled
2021-22,Fall,C00622,Pharmacy UG Course 28,SEC002236,15,Underfilled
2021-22,Fall,C00623,Pharmacy UG Course 29,SEC002237,4,Underfilled
2021-22,Fall,C00624,Pharmacy UG Course 30,SEC002238,1,Underfilled
2021-22,Fall,C00625,Pharmacy UG Course 31,SEC002239,7,Underfilled
2021-22,Fall,C00626,Pharmacy UG Course 32,SEC002240,9,Underfilled
2021-22,Fall,C00627,Pharmacy UG Course 33,SEC002241,8,Underfilled
2021-22,Fall,C00628,Pharmacy UG Course 34,SEC002242,4,Underfilled
2021-22,Fall,C00629,Pharmacy UG Course 35,SEC002243,3,Underfilled
2021-22,Fall,C00630,Pharmacy UG Course 36,SEC002244,3,Underfilled
2021-22,Fall,C00633,Pharmacy UG Course 39,SEC002245,6,Underfilled
2021-22,Fall,C00640,Pharmacy PG Course 6,SEC002246,1,Underfilled
2021-22,Fall,C00642,Pharmacy PG Course 8,SEC002247,2,Underfilled
2021-22,Fall,C00643,Pharmacy PG Course 9,SEC002248,1,Underfilled
2021-22,Fall,C00644,Pharmacy PG Course 10,SEC002249,11,Underfilled
2021-22,Fall,C00650,Psychology UG Course 2,SEC002250,35,Overfilled
2021-22,Fall,C00650,Psychology UG Course 2,SEC002251,35,Overfilled
2021-22,Fall,C00651,Psychology UG Course 3,SEC002252,16,Underfilled
2021-22,Fall,C00652,Psychology UG Course 4,SEC002253,5,Underfilled
2021-22,Fall,C00657,Psychology UG Course 9,SEC002254,6,Underfilled
2021-22,Fall,C00658,Psychology UG Course 10,SEC002255,5,Underfilled
2021-22,Fall,C00659,Psychology UG Course 11,SEC002256,5,Underfilled
2021-22,Fall,C00660,Psychology UG Course 12,SEC002257,5,Underfilled
2021-22,Fall,C00661,Psychology UG Course 13,SEC002258,7,Underfilled
2021-22,Fall,C00662,Psychology UG Course 14,SEC002259,1,Underfilled
2021-22,Fall,C00663,Psychology UG Course 15,SEC002260,6,Underfilled
2021-22,Fall,C00664,Psychology UG Course 16,SEC002261,12,Underfilled
2021-22,Fall,C00666,Psychology UG Course 18,SEC002262,11,Underfilled
2021-22,Fall,C00667,Psychology UG Course 19,SEC002263,5,Underfilled
2021-22,Fall,C00668,Psychology UG Course 20,SEC002264,9,Underfilled
2021-22,Fall,C00669,Psychology UG Course 21,SEC002265,14,Underfilled
2021-22,Fall,C00670,Psychology UG Course 22,SEC002266,4,Underfilled
2021-22,Fall,C00671,Psychology UG Course 23,SEC002267,8,Underfilled
2021-22,Fall,C00673,Psychology UG Course 25,SEC002268,6,Underfilled
2021-22,Fall,C00674,Psychology UG Course 26,SEC002269,14,Underfilled
2021-22,Fall,C00675,Psychology UG Course 27,SEC002270,1,Underfilled
2021-22,Fall,C00676,Psychology UG Course 28,SEC002271,8,Underfilled
2021-22,Fall,C00677,Psychology UG Course 29,SEC002272,4,Underfilled
2021-22,Fall,C00678,Psychology UG Course 30,SEC002273,8,Underfilled
2021-22,Fall,C00679,Psychology UG Course 31,SEC002274,8,Underfilled
2021-22,Fall,C00680,Psychology UG Course 32,SEC002275,2,Underfilled
2021-22,Fall,C00681,Psychology UG Course 33,SEC002276,5,Underfilled
2021-22,Fall,C00682,Psychology UG Course 34,SEC002277,10,Underfilled
2021-22,Fall,C00683,Psychology UG Course 35,SEC002278,1,Underfilled
2021-22,Fall,C00685,Psychology UG Course 37,SEC002279,8,Underfilled
2021-22,Fall,C00686,Psychology UG Course 38,SEC002280,35,Overfilled
2021-22,Fall,C00686,Psychology UG Course 38,SEC002281,35,Overfilled
2021-22,Fall,C00688,Psychology UG Course 40,SEC002282,5,Underfilled
2021-22,Fall,C00704,Education UG Course 2,SEC002283,10,Underfilled
2021-22,Fall,C00705,Education UG Course 3,SEC002284,8,Underfilled
2021-22,Fall,C00707,Education UG Course 5,SEC002285,5,Underfilled
2021-22,Fall,C00708,Education UG Course 6,SEC002286,2,Underfilled
2021-22,Fall,C00709,Education UG Course 7,SEC002287,4,Underfilled
2021-22,Fall,C00711,Education UG Course 9,SEC002288,4,Underfilled
2021-22,Fall,C00712,Education UG Course 10,SEC002289,4,Underfilled
2021-22,Fall,C00713,Education UG Course 11,SEC002290,5,Underfilled
2021-22,Fall,C00714,Education UG Course 12,SEC002291,7,Underfilled
2021-22,Fall,C00715,Education UG Course 13,SEC002292,3,Underfilled
2021-22,Fall,C00716,Education UG Course 14,SEC002293,2,Underfilled
2021-22,Fall,C00718,Education UG Course 16,SEC002294,10,Underfilled
2021-22,Fall,C00719,Education UG Course 17,SEC002295,8,Underfilled
2021-22,Fall,C00720,Education UG Course 18,SEC002296,3,Underfilled
2021-22,Fall,C00721,Education UG Course 19,SEC002297,7,Underfilled
2021-22,Fall,C00723,Education UG Course 21,SEC002298,5,Underfilled
2021-22,Fall,C00724,Education UG Course 22,SEC002299,3,Underfilled
2021-22,Fall,C00727,Education UG Course 25,SEC002300,12,Underfilled
2021-22,Fall,C00728,Education UG Course 26,SEC002301,30,Optimal
2021-22,Fall,C00728,Education UG Course 26,SEC002302,29,Optimal
2021-22,Fall,C00729,Education UG Course 27,SEC002303,7,Underfilled
2021-22,Fall,C00731,Education UG Course 29,SEC002304,2,Underfilled
2021-22,Fall,C00732,Education UG Course 30,SEC002305,4,Underfilled
2021-22,Fall,C00733,Education UG Course 31,SEC002306,1,Underfilled
2021-22,Fall,C00734,Education UG Course 32,SEC002307,7,Underfilled
2021-22,Fall,C00735,Education UG Course 33,SEC002308,5,Underfilled
2021-22,Fall,C00736,Education UG Course 34,SEC002309,3,Underfilled
2021-22,Fall,C00737,Education UG Course 35,SEC002310,7,Underfilled
2021-22,Fall,C00739,Education UG Course 37,SEC002311,3,Underfilled
2021-22,Fall,C00740,Education UG Course 38,SEC002312,1,Underfilled
2021-22,Fall,C00742,Education UG Course 40,SEC002313,1,Underfilled
2021-22,Fall,C00757,Media UG Course 1,SEC002314,13,Underfilled
2021-22,Fall,C00758,Media UG Course 2,SEC002315,9,Underfilled
2021-22,Fall,C00760,Media UG Course 4,SEC002316,7,Underfilled
2021-22,Fall,C00762,Media UG Course 6,SEC002317,40,Overfilled
2021-22,Fall,C00762,Media UG Course 6,SEC002318,40,Overfilled
2021-22,Fall,C00763,Media UG Course 7,SEC002319,6,Underfilled
2021-22,Fall,C00764,Media UG Course 8,SEC002320,7,Underfilled
2021-22,Fall,C00766,Media UG Course 10,SEC002321,2,Underfilled
2021-22,Fall,C00767,Media UG Course 11,SEC002322,4,Underfilled
2021-22,Fall,C00769,Media UG Course 13,SEC002323,1,Underfilled
2021-22,Fall,C00771,Media UG Course 15,SEC002324,1,Underfilled
2021-22,Fall,C00773,Media UG Course 17,SEC002325,17,Underfilled
2021-22,Fall,C00775,Media UG Course 19,SEC002326,1,Underfilled
2021-22,Fall,C00776,Media UG Course 20,SEC002327,14,Underfilled
2021-22,Fall,C00777,Media UG Course 21,SEC002328,13,Underfilled
2021-22,Fall,C00778,Media UG Course 22,SEC002329,9,Underfilled
2021-22,Fall,C00780,Media UG Course 24,SEC002330,32,Overfilled
2021-22,Fall,C00780,Media UG Course 24,SEC002331,32,Overfilled
2021-22,Fall,C00781,Media UG Course 25,SEC002332,11,Underfilled
2021-22,Fall,C00782,Media UG Course 26,SEC002333,13,Underfilled
2021-22,Fall,C00785,Media UG Course 29,SEC002334,1,Underfilled
2021-22,Fall,C00786,Media UG Course 30,SEC002335,4,Underfilled
2021-22,Fall,C00787,Media UG Course 31,SEC002336,11,Underfilled
2021-22,Fall,C00789,Media UG Course 33,SEC002337,4,Underfilled
2021-22,Fall,C00791,Media UG Course 35,SEC002338,8,Underfilled
2021-22,Fall,C00792,Media UG Course 36,SEC002339,5,Underfilled
2021-22,Fall,C00794,Media UG Course 38,SEC002340,9,Underfilled
2021-22,Fall,C00796,Media UG Course 40,SEC002341,5,Underfilled
2021-22,Spring,C00002,Management UG Course 2,SEC002342,1,Underfilled
2021-22,Spring,C00004,Management UG Course 4,SEC002343,4,Underfilled
2021-22,Spring,C00005,Management UG Course 5,SEC002344,10,Underfilled
2021-22,Spring,C00006,Management UG Course 6,SEC002345,13,Underfilled
2021-22,Spring,C00007,Management UG Course 7,SEC002346,4,Underfilled
2021-22,Spring,C00008,Management UG Course 8,SEC002347,13,Underfilled
2021-22,Spring,C00009,Management UG Course 9,SEC002348,10,Underfilled
2021-22,Spring,C00010,Management UG Course 10,SEC002349,4,Underfilled
2021-22,Spring,C00011,Management UG Course 11,SEC002350,5,Underfilled
2021-22,Spring,C00015,Management UG Course 15,SEC002351,18,Underfilled
2021-22,Spring,C00016,Management UG Course 16,SEC002352,10,Underfilled
2021-22,Spring,C00018,Management UG Course 18,SEC002353,7,Underfilled
2021-22,Spring,C00019,Management UG Course 19,SEC002354,11,Underfilled
2021-22,Spring,C00020,Management UG Course 20,SEC002355,6,Underfilled
2021-22,Spring,C00021,Management UG Course 21,SEC002356,10,Underfilled
2021-22,Spring,C00022,Management UG Course 22,SEC002357,35,Overfilled
2021-22,Spring,C00023,Management UG Course 23,SEC002358,8,Underfilled
2021-22,Spring,C00024,Management UG Course 24,SEC002359,9,Underfilled
2021-22,Spring,C00025,Management UG Course 25,SEC002360,1,Underfilled
2021-22,Spring,C00026,Management UG Course 26,SEC002361,17,Underfilled
2021-22,Spring,C00027,Management UG Course 27,SEC002362,8,Underfilled
2021-22,Spring,C00028,Management UG Course 28,SEC002363,8,Underfilled
2021-22,Spring,C00029,Management UG Course 29,SEC002364,2,Underfilled
2021-22,Spring,C00030,Management UG Course 30,SEC002365,33,Overfilled
2021-22,Spring,C00032,Management UG Course 32,SEC002366,5,Underfilled
2021-22,Spring,C00033,Management UG Course 33,SEC002367,40,Overfilled
2021-22,Spring,C00035,Management UG Course 35,SEC002368,11,Underfilled
2021-22,Spring,C00036,Management UG Course 36,SEC002369,10,Underfilled
2021-22,Spring,C00037,Management UG Course 37,SEC002370,3,Underfilled
2021-22,Spring,C00038,Management UG Course 38,SEC002371,6,Underfilled
2021-22,Spring,C00039,Management UG Course 39,SEC002372,7,Underfilled
2021-22,Spring,C00055,Finance UG Course 1,SEC002373,5,Underfilled
2021-22,Spring,C00056,Finance UG Course 2,SEC002374,8,Underfilled
2021-22,Spring,C00057,Finance UG Course 3,SEC002375,1,Underfilled
2021-22,Spring,C00058,Finance UG Course 4,SEC002376,5,Underfilled
2021-22,Spring,C00059,Finance UG Course 5,SEC002377,15,Underfilled
2021-22,Spring,C00061,Finance UG Course 7,SEC002378,1,Underfilled
2021-22,Spring,C00062,Finance UG Course 8,SEC002379,3,Underfilled
2021-22,Spring,C00063,Finance UG Course 9,SEC002380,11,Underfilled
2021-22,Spring,C00064,Finance UG Course 10,SEC002381,7,Underfilled
2021-22,Spring,C00065,Finance UG Course 11,SEC002382,1,Underfilled
2021-22,Spring,C00066,Finance UG Course 12,SEC002383,7,Underfilled
2021-22,Spring,C00067,Finance UG Course 13,SEC002384,6,Underfilled
2021-22,Spring,C00068,Finance UG Course 14,SEC002385,3,Underfilled
2021-22,Spring,C00069,Finance UG Course 15,SEC002386,5,Underfilled
2021-22,Spring,C00070,Finance UG Course 16,SEC002387,5,Underfilled
2021-22,Spring,C00072,Finance UG Course 18,SEC002388,5,Underfilled
2021-22,Spring,C00073,Finance UG Course 19,SEC002389,33,Overfilled
2021-22,Spring,C00074,Finance UG Course 20,SEC002390,7,Underfilled
2021-22,Spring,C00075,Finance UG Course 21,SEC002391,4,Underfilled
2021-22,Spring,C00076,Finance UG Course 22,SEC002392,10,Underfilled
2021-22,Spring,C00079,Finance UG Course 25,SEC002393,6,Underfilled
2021-22,Spring,C00080,Finance UG Course 26,SEC002394,3,Underfilled
2021-22,Spring,C00081,Finance UG Course 27,SEC002395,3,Underfilled
2021-22,Spring,C00082,Finance UG Course 28,SEC002396,1,Underfilled
2021-22,Spring,C00083,Finance UG Course 29,SEC002397,11,Underfilled
2021-22,Spring,C00084,Finance UG Course 30,SEC002398,4,Underfilled
2021-22,Spring,C00087,Finance UG Course 33,SEC002399,7,Underfilled
2021-22,Spring,C00088,Finance UG Course 34,SEC002400,7,Underfilled
2021-22,Spring,C00089,Finance UG Course 35,SEC002401,3,Underfilled
2021-22,Spring,C00090,Finance UG Course 36,SEC002402,10,Underfilled
2021-22,Spring,C00091,Finance UG Course 37,SEC002403,18,Underfilled
2021-22,Spring,C00092,Finance UG Course 38,SEC002404,1,Underfilled
2021-22,Spring,C00093,Finance UG Course 39,SEC002405,10,Underfilled
2021-22,Spring,C00094,Finance UG Course 40,SEC002406,8,Underfilled
2021-22,Spring,C00109,Marketing UG Course 1,SEC002407,5,Underfilled
2021-22,Spring,C00110,Marketing UG Course 2,SEC002408,4,Underfilled
2021-22,Spring,C00112,Marketing UG Course 4,SEC002409,13,Underfilled
2021-22,Spring,C00113,Marketing UG Course 5,SEC002410,16,Underfilled
2021-22,Spring,C00115,Marketing UG Course 7,SEC002411,4,Underfilled
2021-22,Spring,C00116,Marketing UG Course 8,SEC002412,2,Underfilled
2021-22,Spring,C00117,Marketing UG Course 9,SEC002413,3,Underfilled
2021-22,Spring,C00118,Marketing UG Course 10,SEC002414,46,Overfilled
2021-22,Spring,C00119,Marketing UG Course 11,SEC002415,4,Underfilled
2021-22,Spring,C00121,Marketing UG Course 13,SEC002416,1,Underfilled
2021-22,Spring,C00122,Marketing UG Course 14,SEC002417,47,Overfilled
2021-22,Spring,C00123,Marketing UG Course 15,SEC002418,26,Optimal
2021-22,Spring,C00124,Marketing UG Course 16,SEC002419,2,Underfilled
2021-22,Spring,C00125,Marketing UG Course 17,SEC002420,11,Underfilled
2021-22,Spring,C00126,Marketing UG Course 18,SEC002421,8,Underfilled
2021-22,Spring,C00127,Marketing UG Course 19,SEC002422,48,Overfilled
2021-22,Spring,C00128,Marketing UG Course 20,SEC002423,6,Underfilled
2021-22,Spring,C00129,Marketing UG Course 21,SEC002424,8,Underfilled
2021-22,Spring,C00130,Marketing UG Course 22,SEC002425,5,Underfilled
2021-22,Spring,C00132,Marketing UG Course 24,SEC002426,7,Underfilled
2021-22,Spring,C00133,Marketing UG Course 25,SEC002427,6,Underfilled
2021-22,Spring,C00134,Marketing UG Course 26,SEC002428,5,Underfilled
2021-22,Spring,C00136,Marketing UG Course 28,SEC002429,6,Underfilled
2021-22,Spring,C00137,Marketing UG Course 29,SEC002430,14,Underfilled
2021-22,Spring,C00139,Marketing UG Course 31,SEC002431,7,Underfilled
2021-22,Spring,C00140,Marketing UG Course 32,SEC002432,7,Underfilled
2021-22,Spring,C00144,Marketing UG Course 36,SEC002433,14,Underfilled
2021-22,Spring,C00146,Marketing UG Course 38,SEC002434,6,Underfilled
2021-22,Spring,C00147,Marketing UG Course 39,SEC002435,2,Underfilled
2021-22,Spring,C00163,Civil UG Course 1,SEC002436,6,Underfilled
2021-22,Spring,C00164,Civil UG Course 2,SEC002437,13,Underfilled
2021-22,Spring,C00165,Civil UG Course 3,SEC002438,5,Underfilled
2021-22,Spring,C00166,Civil UG Course 4,SEC002439,9,Underfilled
2021-22,Spring,C00167,Civil UG Course 5,SEC002440,4,Underfilled
2021-22,Spring,C00169,Civil UG Course 7,SEC002441,3,Underfilled
2021-22,Spring,C00170,Civil UG Course 8,SEC002442,7,Underfilled
2021-22,Spring,C00171,Civil UG Course 9,SEC002443,6,Underfilled
2021-22,Spring,C00172,Civil UG Course 10,SEC002444,25,Optimal
2021-22,Spring,C00173,Civil UG Course 11,SEC002445,3,Underfilled
2021-22,Spring,C00174,Civil UG Course 12,SEC002446,5,Underfilled
2021-22,Spring,C00175,Civil UG Course 13,SEC002447,7,Underfilled
2021-22,Spring,C00176,Civil UG Course 14,SEC002448,2,Underfilled
2021-22,Spring,C00178,Civil UG Course 16,SEC002449,8,Underfilled
2021-22,Spring,C00179,Civil UG Course 17,SEC002450,7,Underfilled
2021-22,Spring,C00180,Civil UG Course 18,SEC002451,6,Underfilled
2021-22,Spring,C00181,Civil UG Course 19,SEC002452,11,Underfilled
2021-22,Spring,C00182,Civil UG Course 20,SEC002453,8,Underfilled
2021-22,Spring,C00183,Civil UG Course 21,SEC002454,12,Underfilled
2021-22,Spring,C00184,Civil UG Course 22,SEC002455,7,Underfilled
2021-22,Spring,C00185,Civil UG Course 23,SEC002456,8,Underfilled
2021-22,Spring,C00187,Civil UG Course 25,SEC002457,2,Underfilled
2021-22,Spring,C00189,Civil UG Course 27,SEC002458,4,Underfilled
2021-22,Spring,C00190,Civil UG Course 28,SEC002459,9,Underfilled
2021-22,Spring,C00191,Civil UG Course 29,SEC002460,1,Underfilled
2021-22,Spring,C00192,Civil UG Course 30,SEC002461,7,Underfilled
2021-22,Spring,C00193,Civil UG Course 31,SEC002462,7,Underfilled
2021-22,Spring,C00194,Civil UG Course 32,SEC002463,7,Underfilled
2021-22,Spring,C00195,Civil UG Course 33,SEC002464,3,Underfilled
2021-22,Spring,C00196,Civil UG Course 34,SEC002465,1,Underfilled
2021-22,Spring,C00197,Civil UG Course 35,SEC002466,6,Underfilled
2021-22,Spring,C00199,Civil UG Course 37,SEC002467,12,Underfilled
2021-22,Spring,C00201,Civil UG Course 39,SEC002468,4,Underfilled
2021-22,Spring,C00202,Civil UG Course 40,SEC002469,1,Underfilled
2021-22,Spring,C00203,Civil PG Course 1,SEC002470,1,Underfilled
2021-22,Spring,C00204,Civil PG Course 2,SEC002471,5,Underfilled
2021-22,Spring,C00206,Civil PG Course 4,SEC002472,9,Underfilled
2021-22,Spring,C00209,Civil PG Course 7,SEC002473,1,Underfilled
2021-22,Spring,C00210,Civil PG Course 8,SEC002474,6,Underfilled
2021-22,Spring,C00212,Civil PG Course 10,SEC002475,2,Underfilled
2021-22,Spring,C00213,Civil PG Course 11,SEC002476,10,Underfilled
2021-22,Spring,C00214,Civil PG Course 12,SEC002477,5,Underfilled
2021-22,Spring,C00218,Mechanical UG Course 2,SEC002478,1,Underfilled
2021-22,Spring,C00219,Mechanical UG Course 3,SEC002479,6,Underfilled
2021-22,Spring,C00223,Mechanical UG Course 7,SEC002480,10,Underfilled
2021-22,Spring,C00225,Mechanical UG Course 9,SEC002481,2,Underfilled
2021-22,Spring,C00226,Mechanical UG Course 10,SEC002482,1,Underfilled
2021-22,Spring,C00227,Mechanical UG Course 11,SEC002483,14,Underfilled
2021-22,Spring,C00228,Mechanical UG Course 12,SEC002484,20,Optimal
2021-22,Spring,C00229,Mechanical UG Course 13,SEC002485,12,Underfilled
2021-22,Spring,C00230,Mechanical UG Course 14,SEC002486,13,Underfilled
2021-22,Spring,C00231,Mechanical UG Course 15,SEC002487,9,Underfilled
2021-22,Spring,C00232,Mechanical UG Course 16,SEC002488,1,Underfilled
2021-22,Spring,C00234,Mechanical UG Course 18,SEC002489,8,Underfilled
2021-22,Spring,C00239,Mechanical UG Course 23,SEC002490,4,Underfilled
2021-22,Spring,C00240,Mechanical UG Course 24,SEC002491,5,Underfilled
2021-22,Spring,C00244,Mechanical UG Course 28,SEC002492,7,Underfilled
2021-22,Spring,C00246,Mechanical UG Course 30,SEC002493,7,Underfilled
2021-22,Spring,C00247,Mechanical UG Course 31,SEC002494,5,Underfilled
2021-22,Spring,C00250,Mechanical UG Course 34,SEC002495,1,Underfilled
2021-22,Spring,C00252,Mechanical UG Course 36,SEC002496,11,Underfilled
2021-22,Spring,C00253,Mechanical UG Course 37,SEC002497,18,Underfilled
2021-22,Spring,C00254,Mechanical UG Course 38,SEC002498,11,Underfilled
2021-22,Spring,C00255,Mechanical UG Course 39,SEC002499,7,Underfilled
2021-22,Spring,C00257,Mechanical PG Course 1,SEC002500,13,Underfilled
2021-22,Spring,C00259,Mechanical PG Course 3,SEC002501,9,Underfilled
2021-22,Spring,C00260,Mechanical PG Course 4,SEC002502,1,Underfilled
2021-22,Spring,C00261,Mechanical PG Course 5,SEC002503,1,Underfilled
2021-22,Spring,C00262,Mechanical PG Course 6,SEC002504,7,Underfilled
2021-22,Spring,C00264,Mechanical PG Course 8,SEC002505,2,Underfilled
2021-22,Spring,C00265,Mechanical PG Course 9,SEC002506,15,Underfilled
2021-22,Spring,C00266,Mechanical PG Course 10,SEC002507,19,Underfilled
2021-22,Spring,C00268,Mechanical PG Course 12,SEC002508,21,Optimal
2021-22,Spring,C00269,Mechanical PG Course 13,SEC002509,5,Underfilled
2021-22,Spring,C00270,Mechanical PG Course 14,SEC002510,2,Underfilled
2021-22,Spring,C00272,Electrical UG Course 2,SEC002511,23,Optimal
2021-22,Spring,C00284,Electrical UG Course 14,SEC002512,10,Underfilled
2021-22,Spring,C00286,Electrical UG Course 16,SEC002513,3,Underfilled
2021-22,Spring,C00296,Electrical UG Course 26,SEC002514,7,Underfilled
2021-22,Spring,C00297,Electrical UG Course 27,SEC002515,2,Underfilled
2021-22,Spring,C00301,Electrical UG Course 31,SEC002516,8,Underfilled
2021-22,Spring,C00311,Electrical PG Course 1,SEC002517,2,Underfilled
2021-22,Spring,C00313,Electrical PG Course 3,SEC002518,23,Optimal
2021-22,Spring,C00313,Electrical PG Course 3,SEC002519,22,Optimal
2021-22,Spring,C00314,Electrical PG Course 4,SEC002520,2,Underfilled
2021-22,Spring,C00315,Electrical PG Course 5,SEC002521,16,Underfilled
2021-22,Spring,C00316,Electrical PG Course 6,SEC002522,28,Optimal
2021-22,Spring,C00317,Electrical PG Course 7,SEC002523,2,Underfilled
2021-22,Spring,C00318,Electrical PG Course 8,SEC002524,22,Optimal
2021-22,Spring,C00318,Electrical PG Course 8,SEC002525,21,Optimal
2021-22,Spring,C00319,Electrical PG Course 9,SEC002526,33,Overfilled
2021-22,Spring,C00322,Electrical PG Course 12,SEC002527,2,Underfilled
2021-22,Spring,C00323,Electrical PG Course 13,SEC002528,31,Overfilled
2021-22,Spring,C00324,Electrical PG Course 14,SEC002529,1,Underfilled
2021-22,Spring,C00325,Computer Science UG Course 1,SEC002530,17,Underfilled
2021-22,Spring,C00326,Computer Science UG Course 2,SEC002531,9,Underfilled
2021-22,Spring,C00328,Computer Science UG Course 4,SEC002532,9,Underfilled
2021-22,Spring,C00330,Computer Science UG Course 6,SEC002533,3,Underfilled
2021-22,Spring,C00331,Computer Science UG Course 7,SEC002534,10,Underfilled
2021-22,Spring,C00332,Computer Science UG Course 8,SEC002535,9,Underfilled
2021-22,Spring,C00333,Computer Science UG Course 9,SEC002536,23,Optimal
2021-22,Spring,C00334,Computer Science UG Course 10,SEC002537,4,Underfilled
2021-22,Spring,C00340,Computer Science UG Course 16,SEC002538,11,Underfilled
2021-22,Spring,C00341,Computer Science UG Course 17,SEC002539,14,Underfilled
2021-22,Spring,C00342,Computer Science UG Course 18,SEC002540,31,Overfilled
2021-22,Spring,C00345,Computer Science UG Course 21,SEC002541,4,Underfilled
2021-22,Spring,C00347,Computer Science UG Course 23,SEC002542,37,Overfilled
2021-22,Spring,C00348,Computer Science UG Course 24,SEC002543,5,Underfilled
2021-22,Spring,C00349,Computer Science UG Course 25,SEC002544,1,Underfilled
2021-22,Spring,C00350,Computer Science UG Course 26,SEC002545,6,Underfilled
2021-22,Spring,C00351,Computer Science UG Course 27,SEC002546,4,Underfilled
2021-22,Spring,C00354,Computer Science UG Course 30,SEC002547,1,Underfilled
2021-22,Spring,C00355,Computer Science UG Course 31,SEC002548,4,Underfilled
2021-22,Spring,C00356,Computer Science UG Course 32,SEC002549,10,Underfilled
2021-22,Spring,C00357,Computer Science UG Course 33,SEC002550,5,Underfilled
2021-22,Spring,C00359,Computer Science UG Course 35,SEC002551,5,Underfilled
2021-22,Spring,C00360,Computer Science UG Course 36,SEC002552,9,Underfilled
2021-22,Spring,C00361,Computer Science UG Course 37,SEC002553,10,Underfilled
2021-22,Spring,C00362,Computer Science UG Course 38,SEC002554,5,Underfilled
2021-22,Spring,C00363,Computer Science UG Course 39,SEC002555,7,Underfilled
2021-22,Spring,C00364,Computer Science UG Course 40,SEC002556,2,Underfilled
2021-22,Spring,C00379,Data Science UG Course 1,SEC002557,6,Underfilled
2021-22,Spring,C00380,Data Science UG Course 2,SEC002558,4,Underfilled
2021-22,Spring,C00381,Data Science UG Course 3,SEC002559,10,Underfilled
2021-22,Spring,C00383,Data Science UG Course 5,SEC002560,2,Underfilled
2021-22,Spring,C00384,Data Science UG Course 6,SEC002561,6,Underfilled
2021-22,Spring,C00388,Data Science UG Course 10,SEC002562,8,Underfilled
2021-22,Spring,C00389,Data Science UG Course 11,SEC002563,1,Underfilled
2021-22,Spring,C00390,Data Science UG Course 12,SEC002564,2,Underfilled
2021-22,Spring,C00391,Data Science UG Course 13,SEC002565,2,Underfilled
2021-22,Spring,C00392,Data Science UG Course 14,SEC002566,5,Underfilled
2021-22,Spring,C00393,Data Science UG Course 15,SEC002567,7,Underfilled
2021-22,Spring,C00394,Data Science UG Course 16,SEC002568,6,Underfilled
2021-22,Spring,C00395,Data Science UG Course 17,SEC002569,11,Underfilled
2021-22,Spring,C00397,Data Science UG Course 19,SEC002570,4,Underfilled
2021-22,Spring,C00398,Data Science UG Course 20,SEC002571,7,Underfilled
2021-22,Spring,C00399,Data Science UG Course 21,SEC002572,7,Underfilled
2021-22,Spring,C00401,Data Science UG Course 23,SEC002573,35,Overfilled
2021-22,Spring,C00403,Data Science UG Course 25,SEC002574,22,Optimal
2021-22,Spring,C00403,Data Science UG Course 25,SEC002575,22,Optimal
2021-22,Spring,C00404,Data Science UG Course 26,SEC002576,10,Underfilled
2021-22,Spring,C00405,Data Science UG Course 27,SEC002577,5,Underfilled
2021-22,Spring,C00406,Data Science UG Course 28,SEC002578,9,Underfilled
2021-22,Spring,C00408,Data Science UG Course 30,SEC002579,33,Overfilled
2021-22,Spring,C00409,Data Science UG Course 31,SEC002580,7,Underfilled
2021-22,Spring,C00411,Data Science UG Course 33,SEC002581,1,Underfilled
2021-22,Spring,C00413,Data Science UG Course 35,SEC002582,9,Underfilled
2021-22,Spring,C00414,Data Science UG Course 36,SEC002583,25,Optimal
2021-22,Spring,C00415,Data Science UG Course 37,SEC002584,10,Underfilled
2021-22,Spring,C00416,Data Science UG Course 38,SEC002585,9,Underfilled
2021-22,Spring,C00417,Data Science UG Course 39,SEC002586,2,Underfilled
2021-22,Spring,C00424,Data Science PG Course 6,SEC002587,3,Underfilled
2021-22,Spring,C00433,Cybersecurity UG Course 1,SEC002588,7,Underfilled
2021-22,Spring,C00435,Cybersecurity UG Course 3,SEC002589,5,Underfilled
2021-22,Spring,C00436,Cybersecurity UG Course 4,SEC002590,5,Underfilled
2021-22,Spring,C00438,Cybersecurity UG Course 6,SEC002591,9,Underfilled
2021-22,Spring,C00439,Cybersecurity UG Course 7,SEC002592,1,Underfilled
2021-22,Spring,C00441,Cybersecurity UG Course 9,SEC002593,7,Underfilled
2021-22,Spring,C00442,Cybersecurity UG Course 10,SEC002594,7,Underfilled
2021-22,Spring,C00444,Cybersecurity UG Course 12,SEC002595,7,Underfilled
2021-22,Spring,C00446,Cybersecurity UG Course 14,SEC002596,8,Underfilled
2021-22,Spring,C00447,Cybersecurity UG Course 15,SEC002597,4,Underfilled
2021-22,Spring,C00448,Cybersecurity UG Course 16,SEC002598,7,Underfilled
2021-22,Spring,C00449,Cybersecurity UG Course 17,SEC002599,5,Underfilled
2021-22,Spring,C00452,Cybersecurity UG Course 20,SEC002600,1,Underfilled
2021-22,Spring,C00454,Cybersecurity UG Course 22,SEC002601,2,Underfilled
2021-22,Spring,C00456,Cybersecurity UG Course 24,SEC002602,7,Underfilled
2021-22,Spring,C00459,Cybersecurity UG Course 27,SEC002603,34,Overfilled
2021-22,Spring,C00461,Cybersecurity UG Course 29,SEC002604,4,Underfilled
2021-22,Spring,C00462,Cybersecurity UG Course 30,SEC002605,1,Underfilled
2021-22,Spring,C00463,Cybersecurity UG Course 31,SEC002606,7,Underfilled
2021-22,Spring,C00466,Cybersecurity UG Course 34,SEC002607,6,Underfilled
2021-22,Spring,C00468,Cybersecurity UG Course 36,SEC002608,4,Underfilled
2021-22,Spring,C00474,Cybersecurity PG Course 2,SEC002609,20,Optimal
2021-22,Spring,C00475,Cybersecurity PG Course 3,SEC002610,1,Underfilled
2021-22,Spring,C00476,Cybersecurity PG Course 4,SEC002611,10,Underfilled
2021-22,Spring,C00480,Cybersecurity PG Course 8,SEC002612,25,Optimal
2021-22,Spring,C00483,Cybersecurity PG Course 11,SEC002613,11,Underfilled
2021-22,Spring,C00484,Cybersecurity PG Course 12,SEC002614,22,Optimal
2021-22,Spring,C00486,Cybersecurity PG Course 14,SEC002615,10,Underfilled
2021-22,Spring,C00487,Nursing UG Course 1,SEC002616,7,Underfilled
2021-22,Spring,C00488,Nursing UG Course 2,SEC002617,6,Underfilled
2021-22,Spring,C00489,Nursing UG Course 3,SEC002618,2,Underfilled
2021-22,Spring,C00490,Nursing UG Course 4,SEC002619,25,Optimal
2021-22,Spring,C00492,Nursing UG Course 6,SEC002620,6,Underfilled
2021-22,Spring,C00493,Nursing UG Course 7,SEC002621,1,Underfilled
2021-22,Spring,C00495,Nursing UG Course 9,SEC002622,20,Optimal
2021-22,Spring,C00499,Nursing UG Course 13,SEC002623,5,Underfilled
2021-22,Spring,C00501,Nursing UG Course 15,SEC002624,1,Underfilled
2021-22,Spring,C00502,Nursing UG Course 16,SEC002625,9,Underfilled
2021-22,Spring,C00505,Nursing UG Course 19,SEC002626,7,Underfilled
2021-22,Spring,C00507,Nursing UG Course 21,SEC002627,3,Underfilled
2021-22,Spring,C00508,Nursing UG Course 22,SEC002628,7,Underfilled
2021-22,Spring,C00509,Nursing UG Course 23,SEC002629,8,Underfilled
2021-22,Spring,C00510,Nursing UG Course 24,SEC002630,3,Underfilled
2021-22,Spring,C00513,Nursing UG Course 27,SEC002631,7,Underfilled
2021-22,Spring,C00515,Nursing UG Course 29,SEC002632,5,Underfilled
2021-22,Spring,C00517,Nursing UG Course 31,SEC002633,27,Optimal
2021-22,Spring,C00519,Nursing UG Course 33,SEC002634,1,Underfilled
2021-22,Spring,C00520,Nursing UG Course 34,SEC002635,27,Optimal
2021-22,Spring,C00522,Nursing UG Course 36,SEC002636,5,Underfilled
2021-22,Spring,C00523,Nursing UG Course 37,SEC002637,4,Underfilled
2021-22,Spring,C00526,Nursing UG Course 40,SEC002638,5,Underfilled
2021-22,Spring,C00528,Nursing PG Course 2,SEC002639,21,Optimal
2021-22,Spring,C00530,Nursing PG Course 4,SEC002640,4,Underfilled
2021-22,Spring,C00531,Nursing PG Course 5,SEC002641,19,Underfilled
2021-22,Spring,C00532,Nursing PG Course 6,SEC002642,8,Underfilled
2021-22,Spring,C00534,Nursing PG Course 8,SEC002643,12,Underfilled
2021-22,Spring,C00537,Nursing PG Course 11,SEC002644,21,Optimal
2021-22,Spring,C00540,Nursing PG Course 14,SEC002645,8,Underfilled
2021-22,Spring,C00541,Public Health UG Course 1,SEC002646,20,Optimal
2021-22,Spring,C00542,Public Health UG Course 2,SEC002647,4,Underfilled
2021-22,Spring,C00543,Public Health UG Course 3,SEC002648,9,Underfilled
2021-22,Spring,C00544,Public Health UG Course 4,SEC002649,18,Underfilled
2021-22,Spring,C00546,Public Health UG Course 6,SEC002650,5,Underfilled
2021-22,Spring,C00547,Public Health UG Course 7,SEC002651,5,Underfilled
2021-22,Spring,C00548,Public Health UG Course 8,SEC002652,4,Underfilled
2021-22,Spring,C00549,Public Health UG Course 9,SEC002653,2,Underfilled
2021-22,Spring,C00550,Public Health UG Course 10,SEC002654,27,Optimal
2021-22,Spring,C00550,Public Health UG Course 10,SEC002655,26,Optimal
2021-22,Spring,C00551,Public Health UG Course 11,SEC002656,12,Underfilled
2021-22,Spring,C00552,Public Health UG Course 12,SEC002657,17,Underfilled
2021-22,Spring,C00553,Public Health UG Course 13,SEC002658,14,Underfilled
2021-22,Spring,C00555,Public Health UG Course 15,SEC002659,6,Underfilled
2021-22,Spring,C00557,Public Health UG Course 17,SEC002660,7,Underfilled
2021-22,Spring,C00558,Public Health UG Course 18,SEC002661,11,Underfilled
2021-22,Spring,C00560,Public Health UG Course 20,SEC002662,16,Underfilled
2021-22,Spring,C00561,Public Health UG Course 21,SEC002663,11,Underfilled
2021-22,Spring,C00562,Public Health UG Course 22,SEC002664,5,Underfilled
2021-22,Spring,C00564,Public Health UG Course 24,SEC002665,7,Underfilled
2021-22,Spring,C00565,Public Health UG Course 25,SEC002666,18,Underfilled
2021-22,Spring,C00566,Public Health UG Course 26,SEC002667,10,Underfilled
2021-22,Spring,C00567,Public Health UG Course 27,SEC002668,1,Underfilled
2021-22,Spring,C00568,Public Health UG Course 28,SEC002669,6,Underfilled
2021-22,Spring,C00569,Public Health UG Course 29,SEC002670,5,Underfilled
2021-22,Spring,C00570,Public Health UG Course 30,SEC002671,4,Underfilled
2021-22,Spring,C00571,Public Health UG Course 31,SEC002672,7,Underfilled
2021-22,Spring,C00573,Public Health UG Course 33,SEC002673,5,Underfilled
2021-22,Spring,C00576,Public Health UG Course 36,SEC002674,8,Underfilled
2021-22,Spring,C00577,Public Health UG Course 37,SEC002675,5,Underfilled
2021-22,Spring,C00578,Public Health UG Course 38,SEC002676,5,Underfilled
2021-22,Spring,C00579,Public Health UG Course 39,SEC002677,1,Underfilled
2021-22,Spring,C00580,Public Health UG Course 40,SEC002678,6,Underfilled
2021-22,Spring,C00589,Public Health PG Course 9,SEC002679,2,Underfilled
2021-22,Spring,C00595,Pharmacy UG Course 1,SEC002680,8,Underfilled
2021-22,Spring,C00596,Pharmacy UG Course 2,SEC002681,5,Underfilled
2021-22,Spring,C00598,Pharmacy UG Course 4,SEC002682,3,Underfilled
2021-22,Spring,C00599,Pharmacy UG Course 5,SEC002683,7,Underfilled
2021-22,Spring,C00600,Pharmacy UG Course 6,SEC002684,10,Underfilled
2021-22,Spring,C00601,Pharmacy UG Course 7,SEC002685,25,Optimal
2021-22,Spring,C00601,Pharmacy UG Course 7,SEC002686,25,Optimal
2021-22,Spring,C00602,Pharmacy UG Course 8,SEC002687,2,Underfilled
2021-22,Spring,C00603,Pharmacy UG Course 9,SEC002688,22,Optimal
2021-22,Spring,C00604,Pharmacy UG Course 10,SEC002689,3,Underfilled
2021-22,Spring,C00605,Pharmacy UG Course 11,SEC002690,1,Underfilled
2021-22,Spring,C00606,Pharmacy UG Course 12,SEC002691,11,Underfilled
2021-22,Spring,C00607,Pharmacy UG Course 13,SEC002692,5,Underfilled
2021-22,Spring,C00608,Pharmacy UG Course 14,SEC002693,4,Underfilled
2021-22,Spring,C00610,Pharmacy UG Course 16,SEC002694,2,Underfilled
2021-22,Spring,C00611,Pharmacy UG Course 17,SEC002695,5,Underfilled
2021-22,Spring,C00612,Pharmacy UG Course 18,SEC002696,4,Underfilled
2021-22,Spring,C00613,Pharmacy UG Course 19,SEC002697,11,Underfilled
2021-22,Spring,C00614,Pharmacy UG Course 20,SEC002698,4,Underfilled
2021-22,Spring,C00615,Pharmacy UG Course 21,SEC002699,6,Underfilled
2021-22,Spring,C00616,Pharmacy UG Course 22,SEC002700,1,Underfilled
2021-22,Spring,C00617,Pharmacy UG Course 23,SEC002701,5,Underfilled
2021-22,Spring,C00618,Pharmacy UG Course 24,SEC002702,6,Underfilled
2021-22,Spring,C00619,Pharmacy UG Course 25,SEC002703,8,Underfilled
2021-22,Spring,C00620,Pharmacy UG Course 26,SEC002704,9,Underfilled
2021-22,Spring,C00621,Pharmacy UG Course 27,SEC002705,4,Underfilled
2021-22,Spring,C00623,Pharmacy UG Course 29,SEC002706,8,Underfilled
2021-22,Spring,C00624,Pharmacy UG Course 30,SEC002707,9,Underfilled
2021-22,Spring,C00626,Pharmacy UG Course 32,SEC002708,1,Underfilled
2021-22,Spring,C00630,Pharmacy UG Course 36,SEC002709,23,Optimal
2021-22,Spring,C00631,Pharmacy UG Course 37,SEC002710,7,Underfilled
2021-22,Spring,C00632,Pharmacy UG Course 38,SEC002711,9,Underfilled
2021-22,Spring,C00634,Pharmacy UG Course 40,SEC002712,19,Underfilled
2021-22,Spring,C00634,Pharmacy UG Course 40,SEC002713,18,Underfilled
2021-22,Spring,C00642,Pharmacy PG Course 8,SEC002714,1,Underfilled
2021-22,Spring,C00643,Pharmacy PG Course 9,SEC002715,1,Underfilled
2021-22,Spring,C00644,Pharmacy PG Course 10,SEC002716,5,Underfilled
2021-22,Spring,C00650,Psychology UG Course 2,SEC002717,23,Optimal
2021-22,Spring,C00650,Psychology UG Course 2,SEC002718,22,Optimal
2021-22,Spring,C00652,Psychology UG Course 4,SEC002719,5,Underfilled
2021-22,Spring,C00653,Psychology UG Course 5,SEC002720,3,Underfilled
2021-22,Spring,C00654,Psychology UG Course 6,SEC002721,12,Underfilled
2021-22,Spring,C00655,Psychology UG Course 7,SEC002722,13,Underfilled
2021-22,Spring,C00656,Psychology UG Course 8,SEC002723,7,Underfilled
2021-22,Spring,C00658,Psychology UG Course 10,SEC002724,9,Underfilled
2021-22,Spring,C00660,Psychology UG Course 12,SEC002725,4,Underfilled
2021-22,Spring,C00661,Psychology UG Course 13,SEC002726,2,Underfilled
2021-22,Spring,C00662,Psychology UG Course 14,SEC002727,2,Underfilled
2021-22,Spring,C00664,Psychology UG Course 16,SEC002728,1,Underfilled
2021-22,Spring,C00665,Psychology UG Course 17,SEC002729,9,Underfilled
2021-22,Spring,C00666,Psychology UG Course 18,SEC002730,38,Overfilled
2021-22,Spring,C00667,Psychology UG Course 19,SEC002731,1,Underfilled
2021-22,Spring,C00668,Psychology UG Course 20,SEC002732,7,Underfilled
2021-22,Spring,C00670,Psychology UG Course 22,SEC002733,6,Underfilled
2021-22,Spring,C00671,Psychology UG Course 23,SEC002734,9,Underfilled
2021-22,Spring,C00672,Psychology UG Course 24,SEC002735,3,Underfilled
2021-22,Spring,C00673,Psychology UG Course 25,SEC002736,10,Underfilled
2021-22,Spring,C00674,Psychology UG Course 26,SEC002737,1,Underfilled
2021-22,Spring,C00675,Psychology UG Course 27,SEC002738,13,Underfilled
2021-22,Spring,C00676,Psychology UG Course 28,SEC002739,7,Underfilled
2021-22,Spring,C00677,Psychology UG Course 29,SEC002740,16,Underfilled
2021-22,Spring,C00678,Psychology UG Course 30,SEC002741,9,Underfilled
2021-22,Spring,C00679,Psychology UG Course 31,SEC002742,1,Underfilled
2021-22,Spring,C00680,Psychology UG Course 32,SEC002743,14,Underfilled
2021-22,Spring,C00681,Psychology UG Course 33,SEC002744,9,Underfilled
2021-22,Spring,C00682,Psychology UG Course 34,SEC002745,1,Underfilled
2021-22,Spring,C00683,Psychology UG Course 35,SEC002746,12,Underfilled
2021-22,Spring,C00684,Psychology UG Course 36,SEC002747,7,Underfilled
2021-22,Spring,C00685,Psychology UG Course 37,SEC002748,41,Overfilled
2021-22,Spring,C00686,Psychology UG Course 38,SEC002749,29,Optimal
2021-22,Spring,C00688,Psychology UG Course 40,SEC002750,13,Underfilled
2021-22,Spring,C00703,Education UG Course 1,SEC002751,3,Underfilled
2021-22,Spring,C00704,Education UG Course 2,SEC002752,2,Underfilled
2021-22,Spring,C00705,Education UG Course 3,SEC002753,4,Underfilled
2021-22,Spring,C00706,Education UG Course 4,SEC002754,1,Underfilled
2021-22,Spring,C00707,Education UG Course 5,SEC002755,12,Underfilled
2021-22,Spring,C00708,Education UG Course 6,SEC002756,1,Underfilled
2021-22,Spring,C00709,Education UG Course 7,SEC002757,3,Underfilled
2021-22,Spring,C00710,Education UG Course 8,SEC002758,3,Underfilled
2021-22,Spring,C00711,Education UG Course 9,SEC002759,7,Underfilled
2021-22,Spring,C00712,Education UG Course 10,SEC002760,5,Underfilled
2021-22,Spring,C00713,Education UG Course 11,SEC002761,5,Underfilled
2021-22,Spring,C00714,Education UG Course 12,SEC002762,1,Underfilled
2021-22,Spring,C00715,Education UG Course 13,SEC002763,1,Underfilled
2021-22,Spring,C00716,Education UG Course 14,SEC002764,7,Underfilled
2021-22,Spring,C00717,Education UG Course 15,SEC002765,6,Underfilled
2021-22,Spring,C00720,Education UG Course 18,SEC002766,6,Underfilled
2021-22,Spring,C00722,Education UG Course 20,SEC002767,4,Underfilled
2021-22,Spring,C00724,Education UG Course 22,SEC002768,5,Underfilled
2021-22,Spring,C00725,Education UG Course 23,SEC002769,3,Underfilled
2021-22,Spring,C00726,Education UG Course 24,SEC002770,11,Underfilled
2021-22,Spring,C00727,Education UG Course 25,SEC002771,2,Underfilled
2021-22,Spring,C00728,Education UG Course 26,SEC002772,39,Overfilled
2021-22,Spring,C00729,Education UG Course 27,SEC002773,4,Underfilled
2021-22,Spring,C00730,Education UG Course 28,SEC002774,10,Underfilled
2021-22,Spring,C00731,Education UG Course 29,SEC002775,7,Underfilled
2021-22,Spring,C00732,Education UG Course 30,SEC002776,5,Underfilled
2021-22,Spring,C00733,Education UG Course 31,SEC002777,7,Underfilled
2021-22,Spring,C00734,Education UG Course 32,SEC002778,6,Underfilled
2021-22,Spring,C00735,Education UG Course 33,SEC002779,6,Underfilled
2021-22,Spring,C00736,Education UG Course 34,SEC002780,6,Underfilled
2021-22,Spring,C00737,Education UG Course 35,SEC002781,3,Underfilled
2021-22,Spring,C00739,Education UG Course 37,SEC002782,5,Underfilled
2021-22,Spring,C00741,Education UG Course 39,SEC002783,9,Underfilled
2021-22,Spring,C00759,Media UG Course 3,SEC002784,4,Underfilled
2021-22,Spring,C00760,Media UG Course 4,SEC002785,9,Underfilled
2021-22,Spring,C00761,Media UG Course 5,SEC002786,13,Underfilled
2021-22,Spring,C00762,Media UG Course 6,SEC002787,35,Overfilled
2021-22,Spring,C00763,Media UG Course 7,SEC002788,10,Underfilled
2021-22,Spring,C00764,Media UG Course 8,SEC002789,39,Overfilled
2021-22,Spring,C00765,Media UG Course 9,SEC002790,6,Underfilled
2021-22,Spring,C00766,Media UG Course 10,SEC002791,3,Underfilled
2021-22,Spring,C00767,Media UG Course 11,SEC002792,6,Underfilled
2021-22,Spring,C00769,Media UG Course 13,SEC002793,4,Underfilled
2021-22,Spring,C00770,Media UG Course 14,SEC002794,14,Underfilled
2021-22,Spring,C00771,Media UG Course 15,SEC002795,10,Underfilled
2021-22,Spring,C00773,Media UG Course 17,SEC002796,1,Underfilled
2021-22,Spring,C00774,Media UG Course 18,SEC002797,13,Underfilled
2021-22,Spring,C00776,Media UG Course 20,SEC002798,1,Underfilled
2021-22,Spring,C00777,Media UG Course 21,SEC002799,2,Underfilled
2021-22,Spring,C00778,Media UG Course 22,SEC002800,6,Underfilled
2021-22,Spring,C00780,Media UG Course 24,SEC002801,32,Overfilled
2021-22,Spring,C00783,Media UG Course 27,SEC002802,13,Underfilled
2021-22,Spring,C00784,Media UG Course 28,SEC002803,5,Underfilled
2021-22,Spring,C00785,Media UG Course 29,SEC002804,7,Underfilled
2021-22,Spring,C00786,Media UG Course 30,SEC002805,6,Underfilled
2021-22,Spring,C00788,Media UG Course 32,SEC002806,10,Underfilled
2021-22,Spring,C00790,Media UG Course 34,SEC002807,13,Underfilled
2021-22,Spring,C00792,Media UG Course 36,SEC002808,10,Underfilled
2021-22,Spring,C00793,Media UG Course 37,SEC002809,4,Underfilled
2021-22,Spring,C00795,Media UG Course 39,SEC002810,17,Underfilled
2021-22,Spring,C00796,Media UG Course 40,SEC002811,9,Underfilled
2022-23,Fall,C00001,Management UG Course 1,SEC002812,6,Underfilled
2022-23,Fall,C00002,Management UG Course 2,SEC002813,1,Underfilled
2022-23,Fall,C00003,Management UG Course 3,SEC002814,10,Underfilled
2022-23,Fall,C00004,Management UG Course 4,SEC002815,5,Underfilled
2022-23,Fall,C00005,Management UG Course 5,SEC002816,12,Underfilled
2022-23,Fall,C00007,Management UG Course 7,SEC002817,10,Underfilled
2022-23,Fall,C00008,Management UG Course 8,SEC002818,7,Underfilled
2022-23,Fall,C00009,Management UG Course 9,SEC002819,1,Underfilled
2022-23,Fall,C00010,Management UG Course 10,SEC002820,7,Underfilled
2022-23,Fall,C00011,Management UG Course 11,SEC002821,9,Underfilled
2022-23,Fall,C00012,Management UG Course 12,SEC002822,7,Underfilled
2022-23,Fall,C00013,Management UG Course 13,SEC002823,16,Underfilled
2022-23,Fall,C00014,Management UG Course 14,SEC002824,6,Underfilled
2022-23,Fall,C00015,Management UG Course 15,SEC002825,2,Underfilled
2022-23,Fall,C00016,Management UG Course 16,SEC002826,6,Underfilled
2022-23,Fall,C00017,Management UG Course 17,SEC002827,7,Underfilled
2022-23,Fall,C00019,Management UG Course 19,SEC002828,8,Underfilled
2022-23,Fall,C00020,Management UG Course 20,SEC002829,8,Underfilled
2022-23,Fall,C00021,Management UG Course 21,SEC002830,1,Underfilled
2022-23,Fall,C00022,Management UG Course 22,SEC002831,39,Overfilled
2022-23,Fall,C00023,Management UG Course 23,SEC002832,6,Underfilled
2022-23,Fall,C00024,Management UG Course 24,SEC002833,3,Underfilled
2022-23,Fall,C00025,Management UG Course 25,SEC002834,7,Underfilled
2022-23,Fall,C00026,Management UG Course 26,SEC002835,10,Underfilled
2022-23,Fall,C00027,Management UG Course 27,SEC002836,9,Underfilled
2022-23,Fall,C00028,Management UG Course 28,SEC002837,1,Underfilled
2022-23,Fall,C00029,Management UG Course 29,SEC002838,9,Underfilled
2022-23,Fall,C00030,Management UG Course 30,SEC002839,38,Overfilled
2022-23,Fall,C00031,Management UG Course 31,SEC002840,7,Underfilled
2022-23,Fall,C00032,Management UG Course 32,SEC002841,12,Underfilled
2022-23,Fall,C00033,Management UG Course 33,SEC002842,38,Overfilled
2022-23,Fall,C00034,Management UG Course 34,SEC002843,20,Optimal
2022-23,Fall,C00035,Management UG Course 35,SEC002844,12,Underfilled
2022-23,Fall,C00037,Management UG Course 37,SEC002845,3,Underfilled
2022-23,Fall,C00038,Management UG Course 38,SEC002846,8,Underfilled
2022-23,Fall,C00039,Management UG Course 39,SEC002847,4,Underfilled
2022-23,Fall,C00040,Management UG Course 40,SEC002848,6,Underfilled
2022-23,Fall,C00055,Finance UG Course 1,SEC002849,14,Underfilled
2022-23,Fall,C00056,Finance UG Course 2,SEC002850,8,Underfilled
2022-23,Fall,C00057,Finance UG Course 3,SEC002851,16,Underfilled
2022-23,Fall,C00058,Finance UG Course 4,SEC002852,18,Underfilled
2022-23,Fall,C00059,Finance UG Course 5,SEC002853,2,Underfilled
2022-23,Fall,C00060,Finance UG Course 6,SEC002854,7,Underfilled
2022-23,Fall,C00061,Finance UG Course 7,SEC002855,1,Underfilled
2022-23,Fall,C00062,Finance UG Course 8,SEC002856,14,Underfilled
2022-23,Fall,C00063,Finance UG Course 9,SEC002857,5,Underfilled
2022-23,Fall,C00064,Finance UG Course 10,SEC002858,4,Underfilled
2022-23,Fall,C00065,Finance UG Course 11,SEC002859,2,Underfilled
2022-23,Fall,C00068,Finance UG Course 14,SEC002860,9,Underfilled
2022-23,Fall,C00069,Finance UG Course 15,SEC002861,1,Underfilled
2022-23,Fall,C00070,Finance UG Course 16,SEC002862,9,Underfilled
2022-23,Fall,C00071,Finance UG Course 17,SEC002863,5,Underfilled
2022-23,Fall,C00072,Finance UG Course 18,SEC002864,14,Underfilled
2022-23,Fall,C00073,Finance UG Course 19,SEC002865,37,Overfilled
2022-23,Fall,C00074,Finance UG Course 20,SEC002866,6,Underfilled
2022-23,Fall,C00075,Finance UG Course 21,SEC002867,5,Underfilled
2022-23,Fall,C00076,Finance UG Course 22,SEC002868,10,Underfilled
2022-23,Fall,C00077,Finance UG Course 23,SEC002869,7,Underfilled
2022-23,Fall,C00078,Finance UG Course 24,SEC002870,6,Underfilled
2022-23,Fall,C00079,Finance UG Course 25,SEC002871,4,Underfilled
2022-23,Fall,C00081,Finance UG Course 27,SEC002872,12,Underfilled
2022-23,Fall,C00083,Finance UG Course 29,SEC002873,4,Underfilled
2022-23,Fall,C00084,Finance UG Course 30,SEC002874,11,Underfilled
2022-23,Fall,C00085,Finance UG Course 31,SEC002875,5,Underfilled
2022-23,Fall,C00087,Finance UG Course 33,SEC002876,4,Underfilled
2022-23,Fall,C00088,Finance UG Course 34,SEC002877,11,Underfilled
2022-23,Fall,C00090,Finance UG Course 36,SEC002878,7,Underfilled
2022-23,Fall,C00091,Finance UG Course 37,SEC002879,1,Underfilled
2022-23,Fall,C00092,Finance UG Course 38,SEC002880,20,Optimal
2022-23,Fall,C00093,Finance UG Course 39,SEC002881,11,Underfilled
2022-23,Fall,C00109,Marketing UG Course 1,SEC002882,12,Underfilled
2022-23,Fall,C00110,Marketing UG Course 2,SEC002883,3,Underfilled
2022-23,Fall,C00111,Marketing UG Course 3,SEC002884,13,Underfilled
2022-23,Fall,C00112,Marketing UG Course 4,SEC002885,3,Underfilled
2022-23,Fall,C00113,Marketing UG Course 5,SEC002886,1,Underfilled
2022-23,Fall,C00114,Marketing UG Course 6,SEC002887,11,Underfilled
2022-23,Fall,C00115,Marketing UG Course 7,SEC002888,5,Underfilled
2022-23,Fall,C00116,Marketing UG Course 8,SEC002889,7,Underfilled
2022-23,Fall,C00117,Marketing UG Course 9,SEC002890,6,Underfilled
2022-23,Fall,C00118,Marketing UG Course 10,SEC002891,1,Underfilled
2022-23,Fall,C00119,Marketing UG Course 11,SEC002892,5,Underfilled
2022-23,Fall,C00120,Marketing UG Course 12,SEC002893,6,Underfilled
2022-23,Fall,C00121,Marketing UG Course 13,SEC002894,5,Underfilled
2022-23,Fall,C00122,Marketing UG Course 14,SEC002895,9,Underfilled
2022-23,Fall,C00123,Marketing UG Course 15,SEC002896,30,Optimal
2022-23,Fall,C00124,Marketing UG Course 16,SEC002897,6,Underfilled
2022-23,Fall,C00125,Marketing UG Course 17,SEC002898,6,Underfilled
2022-23,Fall,C00126,Marketing UG Course 18,SEC002899,8,Underfilled
2022-23,Fall,C00127,Marketing UG Course 19,SEC002900,11,Underfilled
2022-23,Fall,C00128,Marketing UG Course 20,SEC002901,7,Underfilled
2022-23,Fall,C00129,Marketing UG Course 21,SEC002902,5,Underfilled
2022-23,Fall,C00131,Marketing UG Course 23,SEC002903,7,Underfilled
2022-23,Fall,C00134,Marketing UG Course 26,SEC002904,6,Underfilled
2022-23,Fall,C00135,Marketing UG Course 27,SEC002905,10,Underfilled
2022-23,Fall,C00137,Marketing UG Course 29,SEC002906,8,Underfilled
2022-23,Fall,C00138,Marketing UG Course 30,SEC002907,8,Underfilled
2022-23,Fall,C00139,Marketing UG Course 31,SEC002908,1,Underfilled
2022-23,Fall,C00140,Marketing UG Course 32,SEC002909,8,Underfilled
2022-23,Fall,C00141,Marketing UG Course 33,SEC002910,8,Underfilled
2022-23,Fall,C00142,Marketing UG Course 34,SEC002911,6,Underfilled
2022-23,Fall,C00143,Marketing UG Course 35,SEC002912,4,Underfilled
2022-23,Fall,C00144,Marketing UG Course 36,SEC002913,4,Underfilled
2022-23,Fall,C00145,Marketing UG Course 37,SEC002914,7,Underfilled
2022-23,Fall,C00146,Marketing UG Course 38,SEC002915,1,Underfilled
2022-23,Fall,C00147,Marketing UG Course 39,SEC002916,7,Underfilled
2022-23,Fall,C00163,Civil UG Course 1,SEC002917,11,Underfilled
2022-23,Fall,C00165,Civil UG Course 3,SEC002918,7,Underfilled
2022-23,Fall,C00167,Civil UG Course 5,SEC002919,13,Underfilled
2022-23,Fall,C00168,Civil UG Course 6,SEC002920,4,Underfilled
2022-23,Fall,C00169,Civil UG Course 7,SEC002921,10,Underfilled
2022-23,Fall,C00171,Civil UG Course 9,SEC002922,9,Underfilled
2022-23,Fall,C00172,Civil UG Course 10,SEC002923,6,Underfilled
2022-23,Fall,C00174,Civil UG Course 12,SEC002924,9,Underfilled
2022-23,Fall,C00175,Civil UG Course 13,SEC002925,2,Underfilled
2022-23,Fall,C00176,Civil UG Course 14,SEC002926,6,Underfilled
2022-23,Fall,C00177,Civil UG Course 15,SEC002927,7,Underfilled
2022-23,Fall,C00179,Civil UG Course 17,SEC002928,6,Underfilled
2022-23,Fall,C00180,Civil UG Course 18,SEC002929,11,Underfilled
2022-23,Fall,C00181,Civil UG Course 19,SEC002930,9,Underfilled
2022-23,Fall,C00182,Civil UG Course 20,SEC002931,9,Underfilled
2022-23,Fall,C00184,Civil UG Course 22,SEC002932,4,Underfilled
2022-23,Fall,C00185,Civil UG Course 23,SEC002933,6,Underfilled
2022-23,Fall,C00186,Civil UG Course 24,SEC002934,9,Underfilled
2022-23,Fall,C00188,Civil UG Course 26,SEC002935,8,Underfilled
2022-23,Fall,C00189,Civil UG Course 27,SEC002936,6,Underfilled
2022-23,Fall,C00190,Civil UG Course 28,SEC002937,3,Underfilled
2022-23,Fall,C00191,Civil UG Course 29,SEC002938,14,Underfilled
2022-23,Fall,C00193,Civil UG Course 31,SEC002939,8,Underfilled
2022-23,Fall,C00194,Civil UG Course 32,SEC002940,3,Underfilled
2022-23,Fall,C00195,Civil UG Course 33,SEC002941,16,Underfilled
2022-23,Fall,C00196,Civil UG Course 34,SEC002942,15,Underfilled
2022-23,Fall,C00197,Civil UG Course 35,SEC002943,8,Underfilled
2022-23,Fall,C00198,Civil UG Course 36,SEC002944,5,Underfilled
2022-23,Fall,C00199,Civil UG Course 37,SEC002945,3,Underfilled
2022-23,Fall,C00200,Civil UG Course 38,SEC002946,9,Underfilled
2022-23,Fall,C00201,Civil UG Course 39,SEC002947,5,Underfilled
2022-23,Fall,C00202,Civil UG Course 40,SEC002948,12,Underfilled
2022-23,Fall,C00204,Civil PG Course 2,SEC002949,6,Underfilled
2022-23,Fall,C00206,Civil PG Course 4,SEC002950,10,Underfilled
2022-23,Fall,C00209,Civil PG Course 7,SEC002951,1,Underfilled
2022-23,Fall,C00210,Civil PG Course 8,SEC002952,6,Underfilled
2022-23,Fall,C00212,Civil PG Course 10,SEC002953,1,Underfilled
2022-23,Fall,C00213,Civil PG Course 11,SEC002954,10,Underfilled
2022-23,Fall,C00214,Civil PG Course 12,SEC002955,4,Underfilled
2022-23,Fall,C00218,Mechanical UG Course 2,SEC002956,3,Underfilled
2022-23,Fall,C00219,Mechanical UG Course 3,SEC002957,1,Underfilled
2022-23,Fall,C00220,Mechanical UG Course 4,SEC002958,14,Underfilled
2022-23,Fall,C00222,Mechanical UG Course 6,SEC002959,1,Underfilled
2022-23,Fall,C00224,Mechanical UG Course 8,SEC002960,6,Underfilled
2022-23,Fall,C00226,Mechanical UG Course 10,SEC002961,1,Underfilled
2022-23,Fall,C00227,Mechanical UG Course 11,SEC002962,8,Underfilled
2022-23,Fall,C00230,Mechanical UG Course 14,SEC002963,2,Underfilled
2022-23,Fall,C00232,Mechanical UG Course 16,SEC002964,6,Underfilled
2022-23,Fall,C00233,Mechanical UG Course 17,SEC002965,4,Underfilled
2022-23,Fall,C00234,Mechanical UG Course 18,SEC002966,8,Underfilled
2022-23,Fall,C00235,Mechanical UG Course 19,SEC002967,9,Underfilled
2022-23,Fall,C00236,Mechanical UG Course 20,SEC002968,3,Underfilled
2022-23,Fall,C00237,Mechanical UG Course 21,SEC002969,9,Underfilled
2022-23,Fall,C00238,Mechanical UG Course 22,SEC002970,11,Underfilled
2022-23,Fall,C00242,Mechanical UG Course 26,SEC002971,6,Underfilled
2022-23,Fall,C00243,Mechanical UG Course 27,SEC002972,7,Underfilled
2022-23,Fall,C00244,Mechanical UG Course 28,SEC002973,8,Underfilled
2022-23,Fall,C00245,Mechanical UG Course 29,SEC002974,6,Underfilled
2022-23,Fall,C00249,Mechanical UG Course 33,SEC002975,3,Underfilled
2022-23,Fall,C00250,Mechanical UG Course 34,SEC002976,4,Underfilled
2022-23,Fall,C00251,Mechanical UG Course 35,SEC002977,12,Underfilled
2022-23,Fall,C00253,Mechanical UG Course 37,SEC002978,16,Underfilled
2022-23,Fall,C00254,Mechanical UG Course 38,SEC002979,8,Underfilled
2022-23,Fall,C00255,Mechanical UG Course 39,SEC002980,6,Underfilled
2022-23,Fall,C00257,Mechanical PG Course 1,SEC002981,8,Underfilled
2022-23,Fall,C00259,Mechanical PG Course 3,SEC002982,1,Underfilled
2022-23,Fall,C00260,Mechanical PG Course 4,SEC002983,8,Underfilled
2022-23,Fall,C00261,Mechanical PG Course 5,SEC002984,1,Underfilled
2022-23,Fall,C00264,Mechanical PG Course 8,SEC002985,7,Underfilled
2022-23,Fall,C00265,Mechanical PG Course 9,SEC002986,19,Underfilled
2022-23,Fall,C00266,Mechanical PG Course 10,SEC002987,14,Underfilled
2022-23,Fall,C00268,Mechanical PG Course 12,SEC002988,22,Optimal
2022-23,Fall,C00269,Mechanical PG Course 13,SEC002989,10,Underfilled
2022-23,Fall,C00279,Electrical UG Course 9,SEC002990,1,Underfilled
2022-23,Fall,C00281,Electrical UG Course 11,SEC002991,1,Underfilled
2022-23,Fall,C00284,Electrical UG Course 14,SEC002992,10,Underfilled
2022-23,Fall,C00286,Electrical UG Course 16,SEC002993,5,Underfilled
2022-23,Fall,C00296,Electrical UG Course 26,SEC002994,9,Underfilled
2022-23,Fall,C00297,Electrical UG Course 27,SEC002995,2,Underfilled
2022-23,Fall,C00301,Electrical UG Course 31,SEC002996,9,Underfilled
2022-23,Fall,C00311,Electrical PG Course 1,SEC002997,14,Underfilled
2022-23,Fall,C00313,Electrical PG Course 3,SEC002998,23,Optimal
2022-23,Fall,C00313,Electrical PG Course 3,SEC002999,22,Optimal
2022-23,Fall,C00314,Electrical PG Course 4,SEC003000,8,Underfilled
2022-23,Fall,C00315,Electrical PG Course 5,SEC003001,2,Underfilled
2022-23,Fall,C00316,Electrical PG Course 6,SEC003002,21,Optimal
2022-23,Fall,C00317,Electrical PG Course 7,SEC003003,9,Underfilled
2022-23,Fall,C00318,Electrical PG Course 8,SEC003004,18,Underfilled
2022-23,Fall,C00318,Electrical PG Course 8,SEC003005,18,Underfilled
2022-23,Fall,C00319,Electrical PG Course 9,SEC003006,23,Optimal
2022-23,Fall,C00320,Electrical PG Course 10,SEC003007,8,Underfilled
2022-23,Fall,C00322,Electrical PG Course 12,SEC003008,2,Underfilled
2022-23,Fall,C00323,Electrical PG Course 13,SEC003009,26,Optimal
2022-23,Fall,C00324,Electrical PG Course 14,SEC003010,17,Underfilled
2022-23,Fall,C00325,Computer Science UG Course 1,SEC003011,1,Underfilled
2022-23,Fall,C00326,Computer Science UG Course 2,SEC003012,5,Underfilled
2022-23,Fall,C00327,Computer Science UG Course 3,SEC003013,18,Underfilled
2022-23,Fall,C00329,Computer Science UG Course 5,SEC003014,19,Underfilled
2022-23,Fall,C00330,Computer Science UG Course 6,SEC003015,3,Underfilled
2022-23,Fall,C00331,Computer Science UG Course 7,SEC003016,1,Underfilled
2022-23,Fall,C00332,Computer Science UG Course 8,SEC003017,5,Underfilled
2022-23,Fall,C00333,Computer Science UG Course 9,SEC003018,30,Optimal
2022-23,Fall,C00334,Computer Science UG Course 10,SEC003019,3,Underfilled
2022-23,Fall,C00335,Computer Science UG Course 11,SEC003020,9,Underfilled
2022-23,Fall,C00336,Computer Science UG Course 12,SEC003021,8,Underfilled
2022-23,Fall,C00337,Computer Science UG Course 13,SEC003022,4,Underfilled
2022-23,Fall,C00338,Computer Science UG Course 14,SEC003023,8,Underfilled
2022-23,Fall,C00340,Computer Science UG Course 16,SEC003024,7,Underfilled
2022-23,Fall,C00341,Computer Science UG Course 17,SEC003025,1,Underfilled
2022-23,Fall,C00342,Computer Science UG Course 18,SEC003026,24,Optimal
2022-23,Fall,C00344,Computer Science UG Course 20,SEC003027,8,Underfilled
2022-23,Fall,C00345,Computer Science UG Course 21,SEC003028,10,Underfilled
2022-23,Fall,C00346,Computer Science UG Course 22,SEC003029,15,Underfilled
2022-23,Fall,C00347,Computer Science UG Course 23,SEC003030,10,Underfilled
2022-23,Fall,C00348,Computer Science UG Course 24,SEC003031,4,Underfilled
2022-23,Fall,C00349,Computer Science UG Course 25,SEC003032,10,Underfilled
2022-23,Fall,C00350,Computer Science UG Course 26,SEC003033,18,Underfilled
2022-23,Fall,C00351,Computer Science UG Course 27,SEC003034,9,Underfilled
2022-23,Fall,C00352,Computer Science UG Course 28,SEC003035,3,Underfilled
2022-23,Fall,C00353,Computer Science UG Course 29,SEC003036,4,Underfilled
2022-23,Fall,C00354,Computer Science UG Course 30,SEC003037,6,Underfilled
2022-23,Fall,C00355,Computer Science UG Course 31,SEC003038,7,Underfilled
2022-23,Fall,C00356,Computer Science UG Course 32,SEC003039,3,Underfilled
2022-23,Fall,C00357,Computer Science UG Course 33,SEC003040,8,Underfilled
2022-23,Fall,C00360,Computer Science UG Course 36,SEC003041,9,Underfilled
2022-23,Fall,C00361,Computer Science UG Course 37,SEC003042,3,Underfilled
2022-23,Fall,C00362,Computer Science UG Course 38,SEC003043,4,Underfilled
2022-23,Fall,C00363,Computer Science UG Course 39,SEC003044,3,Underfilled
2022-23,Fall,C00364,Computer Science UG Course 40,SEC003045,11,Underfilled
2022-23,Fall,C00380,Data Science UG Course 2,SEC003046,10,Underfilled
2022-23,Fall,C00381,Data Science UG Course 3,SEC003047,2,Underfilled
2022-23,Fall,C00382,Data Science UG Course 4,SEC003048,4,Underfilled
2022-23,Fall,C00383,Data Science UG Course 5,SEC003049,4,Underfilled
2022-23,Fall,C00384,Data Science UG Course 6,SEC003050,6,Underfilled
2022-23,Fall,C00387,Data Science UG Course 9,SEC003051,12,Underfilled
2022-23,Fall,C00388,Data Science UG Course 10,SEC003052,15,Underfilled
2022-23,Fall,C00389,Data Science UG Course 11,SEC003053,8,Underfilled
2022-23,Fall,C00390,Data Science UG Course 12,SEC003054,9,Underfilled
2022-23,Fall,C00391,Data Science UG Course 13,SEC003055,5,Underfilled
2022-23,Fall,C00392,Data Science UG Course 14,SEC003056,6,Underfilled
2022-23,Fall,C00393,Data Science UG Course 15,SEC003057,12,Underfilled
2022-23,Fall,C00394,Data Science UG Course 16,SEC003058,4,Underfilled
2022-23,Fall,C00395,Data Science UG Course 17,SEC003059,9,Underfilled
2022-23,Fall,C00396,Data Science UG Course 18,SEC003060,4,Underfilled
2022-23,Fall,C00397,Data Science UG Course 19,SEC003061,6,Underfilled
2022-23,Fall,C00398,Data Science UG Course 20,SEC003062,5,Underfilled
2022-23,Fall,C00399,Data Science UG Course 21,SEC003063,10,Underfilled
2022-23,Fall,C00401,Data Science UG Course 23,SEC003064,28,Optimal
2022-23,Fall,C00402,Data Science UG Course 24,SEC003065,4,Underfilled
2022-23,Fall,C00403,Data Science UG Course 25,SEC003066,3,Underfilled
2022-23,Fall,C00404,Data Science UG Course 26,SEC003067,7,Underfilled
2022-23,Fall,C00405,Data Science UG Course 27,SEC003068,8,Underfilled
2022-23,Fall,C00408,Data Science UG Course 30,SEC003069,25,Optimal
2022-23,Fall,C00409,Data Science UG Course 31,SEC003070,4,Underfilled
2022-23,Fall,C00410,Data Science UG Course 32,SEC003071,7,Underfilled
2022-23,Fall,C00411,Data Science UG Course 33,SEC003072,9,Underfilled
2022-23,Fall,C00412,Data Science UG Course 34,SEC003073,4,Underfilled
2022-23,Fall,C00413,Data Science UG Course 35,SEC003074,1,Underfilled
2022-23,Fall,C00414,Data Science UG Course 36,SEC003075,29,Optimal
2022-23,Fall,C00417,Data Science UG Course 39,SEC003076,7,Underfilled
2022-23,Fall,C00418,Data Science UG Course 40,SEC003077,5,Underfilled
2022-23,Fall,C00424,Data Science PG Course 6,SEC003078,3,Underfilled
2022-23,Fall,C00437,Cybersecurity UG Course 5,SEC003079,5,Underfilled
2022-23,Fall,C00439,Cybersecurity UG Course 7,SEC003080,3,Underfilled
2022-23,Fall,C00442,Cybersecurity UG Course 10,SEC003081,5,Underfilled
2022-23,Fall,C00443,Cybersecurity UG Course 11,SEC003082,4,Underfilled
2022-23,Fall,C00444,Cybersecurity UG Course 12,SEC003083,1,Underfilled
2022-23,Fall,C00445,Cybersecurity UG Course 13,SEC003084,7,Underfilled
2022-23,Fall,C00446,Cybersecurity UG Course 14,SEC003085,1,Underfilled
2022-23,Fall,C00448,Cybersecurity UG Course 16,SEC003086,6,Underfilled
2022-23,Fall,C00451,Cybersecurity UG Course 19,SEC003087,5,Underfilled
2022-23,Fall,C00452,Cybersecurity UG Course 20,SEC003088,10,Underfilled
2022-23,Fall,C00454,Cybersecurity UG Course 22,SEC003089,7,Underfilled
2022-23,Fall,C00455,Cybersecurity UG Course 23,SEC003090,7,Underfilled
2022-23,Fall,C00456,Cybersecurity UG Course 24,SEC003091,9,Underfilled
2022-23,Fall,C00457,Cybersecurity UG Course 25,SEC003092,5,Underfilled
2022-23,Fall,C00458,Cybersecurity UG Course 26,SEC003093,7,Underfilled
2022-23,Fall,C00459,Cybersecurity UG Course 27,SEC003094,7,Underfilled
2022-23,Fall,C00462,Cybersecurity UG Course 30,SEC003095,4,Underfilled
2022-23,Fall,C00463,Cybersecurity UG Course 31,SEC003096,1,Underfilled
2022-23,Fall,C00465,Cybersecurity UG Course 33,SEC003097,6,Underfilled
2022-23,Fall,C00466,Cybersecurity UG Course 34,SEC003098,4,Underfilled
2022-23,Fall,C00467,Cybersecurity UG Course 35,SEC003099,4,Underfilled
2022-23,Fall,C00470,Cybersecurity UG Course 38,SEC003100,5,Underfilled
2022-23,Fall,C00472,Cybersecurity UG Course 40,SEC003101,4,Underfilled
2022-23,Fall,C00474,Cybersecurity PG Course 2,SEC003102,21,Optimal
2022-23,Fall,C00475,Cybersecurity PG Course 3,SEC003103,8,Underfilled
2022-23,Fall,C00476,Cybersecurity PG Course 4,SEC003104,4,Underfilled
2022-23,Fall,C00479,Cybersecurity PG Course 7,SEC003105,2,Underfilled
2022-23,Fall,C00480,Cybersecurity PG Course 8,SEC003106,22,Optimal
2022-23,Fall,C00481,Cybersecurity PG Course 9,SEC003107,8,Underfilled
2022-23,Fall,C00483,Cybersecurity PG Course 11,SEC003108,2,Underfilled
2022-23,Fall,C00484,Cybersecurity PG Course 12,SEC003109,22,Optimal
2022-23,Fall,C00485,Cybersecurity PG Course 13,SEC003110,7,Underfilled
2022-23,Fall,C00486,Cybersecurity PG Course 14,SEC003111,3,Underfilled
2022-23,Fall,C00489,Nursing UG Course 3,SEC003112,5,Underfilled
2022-23,Fall,C00490,Nursing UG Course 4,SEC003113,30,Optimal
2022-23,Fall,C00491,Nursing UG Course 5,SEC003114,1,Underfilled
2022-23,Fall,C00493,Nursing UG Course 7,SEC003115,5,Underfilled
2022-23,Fall,C00495,Nursing UG Course 9,SEC003116,28,Optimal
2022-23,Fall,C00497,Nursing UG Course 11,SEC003117,5,Underfilled
2022-23,Fall,C00501,Nursing UG Course 15,SEC003118,5,Underfilled
2022-23,Fall,C00502,Nursing UG Course 16,SEC003119,2,Underfilled
2022-23,Fall,C00503,Nursing UG Course 17,SEC003120,4,Underfilled
2022-23,Fall,C00504,Nursing UG Course 18,SEC003121,5,Underfilled
2022-23,Fall,C00506,Nursing UG Course 20,SEC003122,6,Underfilled
2022-23,Fall,C00507,Nursing UG Course 21,SEC003123,4,Underfilled
2022-23,Fall,C00510,Nursing UG Course 24,SEC003124,3,Underfilled
2022-23,Fall,C00511,Nursing UG Course 25,SEC003125,8,Underfilled
2022-23,Fall,C00512,Nursing UG Course 26,SEC003126,8,Underfilled
2022-23,Fall,C00514,Nursing UG Course 28,SEC003127,5,Underfilled
2022-23,Fall,C00517,Nursing UG Course 31,SEC003128,21,Optimal
2022-23,Fall,C00518,Nursing UG Course 32,SEC003129,8,Underfilled
2022-23,Fall,C00520,Nursing UG Course 34,SEC003130,21,Optimal
2022-23,Fall,C00521,Nursing UG Course 35,SEC003131,7,Underfilled
2022-23,Fall,C00523,Nursing UG Course 37,SEC003132,3,Underfilled
2022-23,Fall,C00525,Nursing UG Course 39,SEC003133,7,Underfilled
2022-23,Fall,C00526,Nursing UG Course 40,SEC003134,5,Underfilled
2022-23,Fall,C00527,Nursing PG Course 1,SEC003135,8,Underfilled
2022-23,Fall,C00528,Nursing PG Course 2,SEC003136,19,Underfilled
2022-23,Fall,C00530,Nursing PG Course 4,SEC003137,6,Underfilled
2022-23,Fall,C00531,Nursing PG Course 5,SEC003138,17,Underfilled
2022-23,Fall,C00533,Nursing PG Course 7,SEC003139,1,Underfilled
2022-23,Fall,C00534,Nursing PG Course 8,SEC003140,5,Underfilled
2022-23,Fall,C00536,Nursing PG Course 10,SEC003141,9,Underfilled
2022-23,Fall,C00537,Nursing PG Course 11,SEC003142,18,Underfilled
2022-23,Fall,C00539,Nursing PG Course 13,SEC003143,8,Underfilled
2022-23,Fall,C00540,Nursing PG Course 14,SEC003144,1,Underfilled
2022-23,Fall,C00541,Public Health UG Course 1,SEC003145,18,Underfilled
2022-23,Fall,C00541,Public Health UG Course 1,SEC003146,17,Underfilled
2022-23,Fall,C00542,Public Health UG Course 2,SEC003147,7,Underfilled
2022-23,Fall,C00543,Public Health UG Course 3,SEC003148,1,Underfilled
2022-23,Fall,C00545,Public Health UG Course 5,SEC003149,7,Underfilled
2022-23,Fall,C00547,Public Health UG Course 7,SEC003150,15,Underfilled
2022-23,Fall,C00548,Public Health UG Course 8,SEC003151,7,Underfilled
2022-23,Fall,C00549,Public Health UG Course 9,SEC003152,12,Underfilled
2022-23,Fall,C00550,Public Health UG Course 10,SEC003153,4,Underfilled
2022-23,Fall,C00551,Public Health UG Course 11,SEC003154,9,Underfilled
2022-23,Fall,C00554,Public Health UG Course 14,SEC003155,13,Underfilled
2022-23,Fall,C00555,Public Health UG Course 15,SEC003156,6,Underfilled
2022-23,Fall,C00556,Public Health UG Course 16,SEC003157,2,Underfilled
2022-23,Fall,C00558,Public Health UG Course 18,SEC003158,9,Underfilled
2022-23,Fall,C00561,Public Health UG Course 21,SEC003159,7,Underfilled
2022-23,Fall,C00562,Public Health UG Course 22,SEC003160,11,Underfilled
2022-23,Fall,C00563,Public Health UG Course 23,SEC003161,15,Underfilled
2022-23,Fall,C00564,Public Health UG Course 24,SEC003162,12,Underfilled
2022-23,Fall,C00565,Public Health UG Course 25,SEC003163,6,Underfilled
2022-23,Fall,C00566,Public Health UG Course 26,SEC003164,17,Underfilled
2022-23,Fall,C00567,Public Health UG Course 27,SEC003165,12,Underfilled
2022-23,Fall,C00568,Public Health UG Course 28,SEC003166,5,Underfilled
2022-23,Fall,C00569,Public Health UG Course 29,SEC003167,5,Underfilled
2022-23,Fall,C00570,Public Health UG Course 30,SEC003168,14,Underfilled
2022-23,Fall,C00571,Public Health UG Course 31,SEC003169,1,Underfilled
2022-23,Fall,C00573,Public Health UG Course 33,SEC003170,5,Underfilled
2022-23,Fall,C00574,Public Health UG Course 34,SEC003171,20,Optimal
2022-23,Fall,C00575,Public Health UG Course 35,SEC003172,16,Underfilled
2022-23,Fall,C00576,Public Health UG Course 36,SEC003173,5,Underfilled
2022-23,Fall,C00577,Public Health UG Course 37,SEC003174,13,Underfilled
2022-23,Fall,C00578,Public Health UG Course 38,SEC003175,11,Underfilled
2022-23,Fall,C00579,Public Health UG Course 39,SEC003176,6,Underfilled
2022-23,Fall,C00580,Public Health UG Course 40,SEC003177,8,Underfilled
2022-23,Fall,C00582,Public Health PG Course 2,SEC003178,2,Underfilled
2022-23,Fall,C00590,Public Health PG Course 10,SEC003179,1,Underfilled
2022-23,Fall,C00594,Public Health PG Course 14,SEC003180,1,Underfilled
2022-23,Fall,C00595,Pharmacy UG Course 1,SEC003181,5,Underfilled
2022-23,Fall,C00596,Pharmacy UG Course 2,SEC003182,15,Underfilled
2022-23,Fall,C00597,Pharmacy UG Course 3,SEC003183,12,Underfilled
2022-23,Fall,C00598,Pharmacy UG Course 4,SEC003184,5,Underfilled
2022-23,Fall,C00599,Pharmacy UG Course 5,SEC003185,9,Underfilled
2022-23,Fall,C00600,Pharmacy UG Course 6,SEC003186,3,Underfilled
2022-23,Fall,C00601,Pharmacy UG Course 7,SEC003187,6,Underfilled
2022-23,Fall,C00602,Pharmacy UG Course 8,SEC003188,8,Underfilled
2022-23,Fall,C00604,Pharmacy UG Course 10,SEC003189,4,Underfilled
2022-23,Fall,C00605,Pharmacy UG Course 11,SEC003190,3,Underfilled
2022-23,Fall,C00608,Pharmacy UG Course 14,SEC003191,13,Underfilled
2022-23,Fall,C00609,Pharmacy UG Course 15,SEC003192,28,Optimal
2022-23,Fall,C00610,Pharmacy UG Course 16,SEC003193,4,Underfilled
2022-23,Fall,C00611,Pharmacy UG Course 17,SEC003194,13,Underfilled
2022-23,Fall,C00612,Pharmacy UG Course 18,SEC003195,9,Underfilled
2022-23,Fall,C00613,Pharmacy UG Course 19,SEC003196,5,Underfilled
2022-23,Fall,C00614,Pharmacy UG Course 20,SEC003197,9,Underfilled
2022-23,Fall,C00615,Pharmacy UG Course 21,SEC003198,8,Underfilled
2022-23,Fall,C00616,Pharmacy UG Course 22,SEC003199,8,Underfilled
2022-23,Fall,C00617,Pharmacy UG Course 23,SEC003200,13,Underfilled
2022-23,Fall,C00620,Pharmacy UG Course 26,SEC003201,10,Underfilled
2022-23,Fall,C00621,Pharmacy UG Course 27,SEC003202,5,Underfilled
2022-23,Fall,C00622,Pharmacy UG Course 28,SEC003203,11,Underfilled
2022-23,Fall,C00623,Pharmacy UG Course 29,SEC003204,6,Underfilled
2022-23,Fall,C00625,Pharmacy UG Course 31,SEC003205,12,Underfilled
2022-23,Fall,C00626,Pharmacy UG Course 32,SEC003206,14,Underfilled
2022-23,Fall,C00627,Pharmacy UG Course 33,SEC003207,10,Underfilled
2022-23,Fall,C00628,Pharmacy UG Course 34,SEC003208,8,Underfilled
2022-23,Fall,C00629,Pharmacy UG Course 35,SEC003209,3,Underfilled
2022-23,Fall,C00630,Pharmacy UG Course 36,SEC003210,2,Underfilled
2022-23,Fall,C00633,Pharmacy UG Course 39,SEC003211,15,Underfilled
2022-23,Fall,C00642,Pharmacy PG Course 8,SEC003212,2,Underfilled
2022-23,Fall,C00644,Pharmacy PG Course 10,SEC003213,4,Underfilled
2022-23,Fall,C00650,Psychology UG Course 2,SEC003214,30,Optimal
2022-23,Fall,C00651,Psychology UG Course 3,SEC003215,13,Underfilled
2022-23,Fall,C00652,Psychology UG Course 4,SEC003216,7,Underfilled
2022-23,Fall,C00654,Psychology UG Course 6,SEC003217,1,Underfilled
2022-23,Fall,C00655,Psychology UG Course 7,SEC003218,1,Underfilled
2022-23,Fall,C00657,Psychology UG Course 9,SEC003219,5,Underfilled
2022-23,Fall,C00658,Psychology UG Course 10,SEC003220,6,Underfilled
2022-23,Fall,C00659,Psychology UG Course 11,SEC003221,7,Underfilled
2022-23,Fall,C00660,Psychology UG Course 12,SEC003222,6,Underfilled
2022-23,Fall,C00661,Psychology UG Course 13,SEC003223,6,Underfilled
2022-23,Fall,C00663,Psychology UG Course 15,SEC003224,4,Underfilled
2022-23,Fall,C00664,Psychology UG Course 16,SEC003225,10,Underfilled
2022-23,Fall,C00666,Psychology UG Course 18,SEC003226,14,Underfilled
2022-23,Fall,C00667,Psychology UG Course 19,SEC003227,5,Underfilled
2022-23,Fall,C00668,Psychology UG Course 20,SEC003228,8,Underfilled
2022-23,Fall,C00669,Psychology UG Course 21,SEC003229,10,Underfilled
2022-23,Fall,C00670,Psychology UG Course 22,SEC003230,3,Underfilled
2022-23,Fall,C00671,Psychology UG Course 23,SEC003231,6,Underfilled
2022-23,Fall,C00673,Psychology UG Course 25,SEC003232,17,Underfilled
2022-23,Fall,C00674,Psychology UG Course 26,SEC003233,11,Underfilled
2022-23,Fall,C00675,Psychology UG Course 27,SEC003234,8,Underfilled
2022-23,Fall,C00676,Psychology UG Course 28,SEC003235,16,Underfilled
2022-23,Fall,C00677,Psychology UG Course 29,SEC003236,11,Underfilled
2022-23,Fall,C00678,Psychology UG Course 30,SEC003237,14,Underfilled
2022-23,Fall,C00679,Psychology UG Course 31,SEC003238,5,Underfilled
2022-23,Fall,C00680,Psychology UG Course 32,SEC003239,4,Underfilled
2022-23,Fall,C00681,Psychology UG Course 33,SEC003240,14,Underfilled
2022-23,Fall,C00682,Psychology UG Course 34,SEC003241,12,Underfilled
2022-23,Fall,C00683,Psychology UG Course 35,SEC003242,9,Underfilled
2022-23,Fall,C00685,Psychology UG Course 37,SEC003243,16,Underfilled
2022-23,Fall,C00686,Psychology UG Course 38,SEC003244,40,Overfilled
2022-23,Fall,C00688,Psychology UG Course 40,SEC003245,8,Underfilled
2022-23,Fall,C00704,Education UG Course 2,SEC003246,11,Underfilled
2022-23,Fall,C00705,Education UG Course 3,SEC003247,8,Underfilled
2022-23,Fall,C00706,Education UG Course 4,SEC003248,1,Underfilled
2022-23,Fall,C00707,Education UG Course 5,SEC003249,4,Underfilled
2022-23,Fall,C00708,Education UG Course 6,SEC003250,3,Underfilled
2022-23,Fall,C00709,Education UG Course 7,SEC003251,5,Underfilled
2022-23,Fall,C00711,Education UG Course 9,SEC003252,1,Underfilled
2022-23,Fall,C00712,Education UG Course 10,SEC003253,2,Underfilled
2022-23,Fall,C00713,Education UG Course 11,SEC003254,3,Underfilled
2022-23,Fall,C00714,Education UG Course 12,SEC003255,13,Underfilled
2022-23,Fall,C00715,Education UG Course 13,SEC003256,11,Underfilled
2022-23,Fall,C00716,Education UG Course 14,SEC003257,5,Underfilled
2022-23,Fall,C00717,Education UG Course 15,SEC003258,5,Underfilled
2022-23,Fall,C00718,Education UG Course 16,SEC003259,4,Underfilled
2022-23,Fall,C00719,Education UG Course 17,SEC003260,10,Underfilled
2022-23,Fall,C00720,Education UG Course 18,SEC003261,2,Underfilled
2022-23,Fall,C00721,Education UG Course 19,SEC003262,7,Underfilled
2022-23,Fall,C00723,Education UG Course 21,SEC003263,6,Underfilled
2022-23,Fall,C00724,Education UG Course 22,SEC003264,10,Underfilled
2022-23,Fall,C00727,Education UG Course 25,SEC003265,9,Underfilled
2022-23,Fall,C00728,Education UG Course 26,SEC003266,30,Optimal
2022-23,Fall,C00729,Education UG Course 27,SEC003267,5,Underfilled
2022-23,Fall,C00731,Education UG Course 29,SEC003268,3,Underfilled
2022-23,Fall,C00732,Education UG Course 30,SEC003269,9,Underfilled
2022-23,Fall,C00733,Education UG Course 31,SEC003270,3,Underfilled
2022-23,Fall,C00734,Education UG Course 32,SEC003271,3,Underfilled
2022-23,Fall,C00735,Education UG Course 33,SEC003272,8,Underfilled
2022-23,Fall,C00736,Education UG Course 34,SEC003273,5,Underfilled
2022-23,Fall,C00737,Education UG Course 35,SEC003274,6,Underfilled
2022-23,Fall,C00738,Education UG Course 36,SEC003275,7,Underfilled
2022-23,Fall,C00739,Education UG Course 37,SEC003276,6,Underfilled
2022-23,Fall,C00740,Education UG Course 38,SEC003277,7,Underfilled
2022-23,Fall,C00741,Education UG Course 39,SEC003278,1,Underfilled
2022-23,Fall,C00742,Education UG Course 40,SEC003279,3,Underfilled
2022-23,Fall,C00757,Media UG Course 1,SEC003280,13,Underfilled
2022-23,Fall,C00758,Media UG Course 2,SEC003281,13,Underfilled
2022-23,Fall,C00759,Media UG Course 3,SEC003282,5,Underfilled
2022-23,Fall,C00760,Media UG Course 4,SEC003283,5,Underfilled
2022-23,Fall,C00762,Media UG Course 6,SEC003284,32,Overfilled
2022-23,Fall,C00763,Media UG Course 7,SEC003285,6,Underfilled
2022-23,Fall,C00764,Media UG Course 8,SEC003286,14,Underfilled
2022-23,Fall,C00765,Media UG Course 9,SEC003287,7,Underfilled
2022-23,Fall,C00766,Media UG Course 10,SEC003288,13,Underfilled
2022-23,Fall,C00767,Media UG Course 11,SEC003289,10,Underfilled
2022-23,Fall,C00769,Media UG Course 13,SEC003290,2,Underfilled
2022-23,Fall,C00770,Media UG Course 14,SEC003291,1,Underfilled
2022-23,Fall,C00771,Media UG Course 15,SEC003292,5,Underfilled
2022-23,Fall,C00773,Media UG Course 17,SEC003293,13,Underfilled
2022-23,Fall,C00774,Media UG Course 18,SEC003294,6,Underfilled
2022-23,Fall,C00776,Media UG Course 20,SEC003295,14,Underfilled
2022-23,Fall,C00777,Media UG Course 21,SEC003296,17,Underfilled
2022-23,Fall,C00778,Media UG Course 22,SEC003297,11,Underfilled
2022-23,Fall,C00780,Media UG Course 24,SEC003298,31,Overfilled
2022-23,Fall,C00781,Media UG Course 25,SEC003299,16,Underfilled
2022-23,Fall,C00782,Media UG Course 26,SEC003300,14,Underfilled
2022-23,Fall,C00785,Media UG Course 29,SEC003301,4,Underfilled
2022-23,Fall,C00786,Media UG Course 30,SEC003302,11,Underfilled
2022-23,Fall,C00787,Media UG Course 31,SEC003303,10,Underfilled
2022-23,Fall,C00789,Media UG Course 33,SEC003304,4,Underfilled
2022-23,Fall,C00791,Media UG Course 35,SEC003305,15,Underfilled
2022-23,Fall,C00792,Media UG Course 36,SEC003306,6,Underfilled
2022-23,Fall,C00794,Media UG Course 38,SEC003307,15,Underfilled
2022-23,Fall,C00796,Media UG Course 40,SEC003308,4,Underfilled
2022-23,Spring,C00004,Management UG Course 4,SEC003309,3,Underfilled
2022-23,Spring,C00005,Management UG Course 5,SEC003310,5,Underfilled
2022-23,Spring,C00006,Management UG Course 6,SEC003311,12,Underfilled
2022-23,Spring,C00007,Management UG Course 7,SEC003312,13,Underfilled
2022-23,Spring,C00008,Management UG Course 8,SEC003313,17,Underfilled
2022-23,Spring,C00009,Management UG Course 9,SEC003314,16,Underfilled
2022-23,Spring,C00010,Management UG Course 10,SEC003315,1,Underfilled
2022-23,Spring,C00011,Management UG Course 11,SEC003316,8,Underfilled
2022-23,Spring,C00015,Management UG Course 15,SEC003317,14,Underfilled
2022-23,Spring,C00016,Management UG Course 16,SEC003318,3,Underfilled
2022-23,Spring,C00017,Management UG Course 17,SEC003319,1,Underfilled
2022-23,Spring,C00018,Management UG Course 18,SEC003320,5,Underfilled
2022-23,Spring,C00019,Management UG Course 19,SEC003321,9,Underfilled
2022-23,Spring,C00020,Management UG Course 20,SEC003322,11,Underfilled
2022-23,Spring,C00021,Management UG Course 21,SEC003323,11,Underfilled
2022-23,Spring,C00022,Management UG Course 22,SEC003324,7,Underfilled
2022-23,Spring,C00023,Management UG Course 23,SEC003325,23,Optimal
2022-23,Spring,C00024,Management UG Course 24,SEC003326,4,Underfilled
2022-23,Spring,C00025,Management UG Course 25,SEC003327,1,Underfilled
2022-23,Spring,C00026,Management UG Course 26,SEC003328,15,Underfilled
2022-23,Spring,C00027,Management UG Course 27,SEC003329,9,Underfilled
2022-23,Spring,C00028,Management UG Course 28,SEC003330,15,Underfilled
2022-23,Spring,C00029,Management UG Course 29,SEC003331,2,Underfilled
2022-23,Spring,C00030,Management UG Course 30,SEC003332,12,Underfilled
2022-23,Spring,C00031,Management UG Course 31,SEC003333,1,Underfilled
2022-23,Spring,C00032,Management UG Course 32,SEC003334,10,Underfilled
2022-23,Spring,C00033,Management UG Course 33,SEC003335,11,Underfilled
2022-23,Spring,C00034,Management UG Course 34,SEC003336,1,Underfilled
2022-23,Spring,C00035,Management UG Course 35,SEC003337,16,Underfilled
2022-23,Spring,C00036,Management UG Course 36,SEC003338,6,Underfilled
2022-23,Spring,C00037,Management UG Course 37,SEC003339,9,Underfilled
2022-23,Spring,C00038,Management UG Course 38,SEC003340,16,Underfilled
2022-23,Spring,C00039,Management UG Course 39,SEC003341,5,Underfilled
2022-23,Spring,C00055,Finance UG Course 1,SEC003342,8,Underfilled
2022-23,Spring,C00056,Finance UG Course 2,SEC003343,9,Underfilled
2022-23,Spring,C00058,Finance UG Course 4,SEC003344,12,Underfilled
2022-23,Spring,C00059,Finance UG Course 5,SEC003345,19,Underfilled
2022-23,Spring,C00061,Finance UG Course 7,SEC003346,1,Underfilled
2022-23,Spring,C00062,Finance UG Course 8,SEC003347,6,Underfilled
2022-23,Spring,C00063,Finance UG Course 9,SEC003348,8,Underfilled
2022-23,Spring,C00064,Finance UG Course 10,SEC003349,10,Underfilled
2022-23,Spring,C00066,Finance UG Course 12,SEC003350,10,Underfilled
2022-23,Spring,C00067,Finance UG Course 13,SEC003351,10,Underfilled
2022-23,Spring,C00068,Finance UG Course 14,SEC003352,7,Underfilled
2022-23,Spring,C00069,Finance UG Course 15,SEC003353,9,Underfilled
2022-23,Spring,C00070,Finance UG Course 16,SEC003354,6,Underfilled
2022-23,Spring,C00072,Finance UG Course 18,SEC003355,15,Underfilled
2022-23,Spring,C00073,Finance UG Course 19,SEC003356,8,Underfilled
2022-23,Spring,C00074,Finance UG Course 20,SEC003357,9,Underfilled
2022-23,Spring,C00075,Finance UG Course 21,SEC003358,9,Underfilled
2022-23,Spring,C00076,Finance UG Course 22,SEC003359,6,Underfilled
2022-23,Spring,C00079,Finance UG Course 25,SEC003360,10,Underfilled
2022-23,Spring,C00080,Finance UG Course 26,SEC003361,5,Underfilled
2022-23,Spring,C00081,Finance UG Course 27,SEC003362,4,Underfilled
2022-23,Spring,C00082,Finance UG Course 28,SEC003363,6,Underfilled
2022-23,Spring,C00083,Finance UG Course 29,SEC003364,15,Underfilled
2022-23,Spring,C00084,Finance UG Course 30,SEC003365,7,Underfilled
2022-23,Spring,C00087,Finance UG Course 33,SEC003366,7,Underfilled
2022-23,Spring,C00088,Finance UG Course 34,SEC003367,7,Underfilled
2022-23,Spring,C00089,Finance UG Course 35,SEC003368,8,Underfilled
2022-23,Spring,C00090,Finance UG Course 36,SEC003369,7,Underfilled
2022-23,Spring,C00091,Finance UG Course 37,SEC003370,15,Underfilled
2022-23,Spring,C00093,Finance UG Course 39,SEC003371,16,Underfilled
2022-23,Spring,C00094,Finance UG Course 40,SEC003372,13,Underfilled
2022-23,Spring,C00109,Marketing UG Course 1,SEC003373,8,Underfilled
2022-23,Spring,C00110,Marketing UG Course 2,SEC003374,9,Underfilled
2022-23,Spring,C00112,Marketing UG Course 4,SEC003375,16,Underfilled
2022-23,Spring,C00113,Marketing UG Course 5,SEC003376,10,Underfilled
2022-23,Spring,C00115,Marketing UG Course 7,SEC003377,6,Underfilled
2022-23,Spring,C00116,Marketing UG Course 8,SEC003378,9,Underfilled
2022-23,Spring,C00117,Marketing UG Course 9,SEC003379,6,Underfilled
2022-23,Spring,C00118,Marketing UG Course 10,SEC003380,41,Overfilled
2022-23,Spring,C00119,Marketing UG Course 11,SEC003381,6,Underfilled
2022-23,Spring,C00122,Marketing UG Course 14,SEC003382,32,Overfilled
2022-23,Spring,C00124,Marketing UG Course 16,SEC003383,11,Underfilled
2022-23,Spring,C00125,Marketing UG Course 17,SEC003384,16,Underfilled
2022-23,Spring,C00126,Marketing UG Course 18,SEC003385,6,Underfilled
2022-23,Spring,C00127,Marketing UG Course 19,SEC003386,33,Overfilled
2022-23,Spring,C00128,Marketing UG Course 20,SEC003387,4,Underfilled
2022-23,Spring,C00129,Marketing UG Course 21,SEC003388,5,Underfilled
2022-23,Spring,C00130,Marketing UG Course 22,SEC003389,8,Underfilled
2022-23,Spring,C00132,Marketing UG Course 24,SEC003390,5,Underfilled
2022-23,Spring,C00133,Marketing UG Course 25,SEC003391,6,Underfilled
2022-23,Spring,C00134,Marketing UG Course 26,SEC003392,5,Underfilled
2022-23,Spring,C00136,Marketing UG Course 28,SEC003393,5,Underfilled
2022-23,Spring,C00137,Marketing UG Course 29,SEC003394,19,Underfilled
2022-23,Spring,C00139,Marketing UG Course 31,SEC003395,12,Underfilled
2022-23,Spring,C00140,Marketing UG Course 32,SEC003396,4,Underfilled
2022-23,Spring,C00141,Marketing UG Course 33,SEC003397,1,Underfilled
2022-23,Spring,C00144,Marketing UG Course 36,SEC003398,14,Underfilled
2022-23,Spring,C00146,Marketing UG Course 38,SEC003399,16,Underfilled
2022-23,Spring,C00147,Marketing UG Course 39,SEC003400,9,Underfilled
2022-23,Spring,C00163,Civil UG Course 1,SEC003401,12,Underfilled
2022-23,Spring,C00164,Civil UG Course 2,SEC003402,12,Underfilled
2022-23,Spring,C00165,Civil UG Course 3,SEC003403,14,Underfilled
2022-23,Spring,C00166,Civil UG Course 4,SEC003404,19,Underfilled
2022-23,Spring,C00167,Civil UG Course 5,SEC003405,8,Underfilled
2022-23,Spring,C00169,Civil UG Course 7,SEC003406,7,Underfilled
2022-23,Spring,C00170,Civil UG Course 8,SEC003407,10,Underfilled
2022-23,Spring,C00171,Civil UG Course 9,SEC003408,11,Underfilled
2022-23,Spring,C00172,Civil UG Course 10,SEC003409,8,Underfilled
2022-23,Spring,C00173,Civil UG Course 11,SEC003410,6,Underfilled
2022-23,Spring,C00174,Civil UG Course 12,SEC003411,6,Underfilled
2022-23,Spring,C00175,Civil UG Course 13,SEC003412,1,Underfilled
2022-23,Spring,C00176,Civil UG Course 14,SEC003413,6,Underfilled
2022-23,Spring,C00178,Civil UG Course 16,SEC003414,7,Underfilled
2022-23,Spring,C00179,Civil UG Course 17,SEC003415,8,Underfilled
2022-23,Spring,C00180,Civil UG Course 18,SEC003416,10,Underfilled
2022-23,Spring,C00181,Civil UG Course 19,SEC003417,17,Underfilled
2022-23,Spring,C00182,Civil UG Course 20,SEC003418,9,Underfilled
2022-23,Spring,C00183,Civil UG Course 21,SEC003419,5,Underfilled
2022-23,Spring,C00184,Civil UG Course 22,SEC003420,14,Underfilled
2022-23,Spring,C00185,Civil UG Course 23,SEC003421,12,Underfilled
2022-23,Spring,C00186,Civil UG Course 24,SEC003422,1,Underfilled
2022-23,Spring,C00187,Civil UG Course 25,SEC003423,7,Underfilled
2022-23,Spring,C00189,Civil UG Course 27,SEC003424,6,Underfilled
2022-23,Spring,C00190,Civil UG Course 28,SEC003425,15,Underfilled
2022-23,Spring,C00192,Civil UG Course 30,SEC003426,9,Underfilled
2022-23,Spring,C00193,Civil UG Course 31,SEC003427,2,Underfilled
2022-23,Spring,C00194,Civil UG Course 32,SEC003428,10,Underfilled
2022-23,Spring,C00195,Civil UG Course 33,SEC003429,1,Underfilled
2022-23,Spring,C00197,Civil UG Course 35,SEC003430,4,Underfilled
2022-23,Spring,C00199,Civil UG Course 37,SEC003431,11,Underfilled
2022-23,Spring,C00200,Civil UG Course 38,SEC003432,2,Underfilled
2022-23,Spring,C00201,Civil UG Course 39,SEC003433,5,Underfilled
2022-23,Spring,C00202,Civil UG Course 40,SEC003434,1,Underfilled
2022-23,Spring,C00203,Civil PG Course 1,SEC003435,1,Underfilled
2022-23,Spring,C00204,Civil PG Course 2,SEC003436,1,Underfilled
2022-23,Spring,C00210,Civil PG Course 8,SEC003437,1,Underfilled
2022-23,Spring,C00213,Civil PG Course 11,SEC003438,1,Underfilled
2022-23,Spring,C00219,Mechanical UG Course 3,SEC003439,10,Underfilled
2022-23,Spring,C00222,Mechanical UG Course 6,SEC003440,1,Underfilled
2022-23,Spring,C00223,Mechanical UG Course 7,SEC003441,3,Underfilled
2022-23,Spring,C00225,Mechanical UG Course 9,SEC003442,13,Underfilled
2022-23,Spring,C00227,Mechanical UG Course 11,SEC003443,13,Underfilled
2022-23,Spring,C00228,Mechanical UG Course 12,SEC003444,8,Underfilled
2022-23,Spring,C00229,Mechanical UG Course 13,SEC003445,7,Underfilled
2022-23,Spring,C00230,Mechanical UG Course 14,SEC003446,4,Underfilled
2022-23,Spring,C00231,Mechanical UG Course 15,SEC003447,6,Underfilled
2022-23,Spring,C00234,Mechanical UG Course 18,SEC003448,13,Underfilled
2022-23,Spring,C00237,Mechanical UG Course 21,SEC003449,1,Underfilled
2022-23,Spring,C00239,Mechanical UG Course 23,SEC003450,11,Underfilled
2022-23,Spring,C00240,Mechanical UG Course 24,SEC003451,4,Underfilled
2022-23,Spring,C00243,Mechanical UG Course 27,SEC003452,1,Underfilled
2022-23,Spring,C00244,Mechanical UG Course 28,SEC003453,11,Underfilled
2022-23,Spring,C00246,Mechanical UG Course 30,SEC003454,6,Underfilled
2022-23,Spring,C00247,Mechanical UG Course 31,SEC003455,12,Underfilled
2022-23,Spring,C00250,Mechanical UG Course 34,SEC003456,3,Underfilled
2022-23,Spring,C00252,Mechanical UG Course 36,SEC003457,7,Underfilled
2022-23,Spring,C00253,Mechanical UG Course 37,SEC003458,13,Underfilled
2022-23,Spring,C00254,Mechanical UG Course 38,SEC003459,12,Underfilled
2022-23,Spring,C00255,Mechanical UG Course 39,SEC003460,6,Underfilled
2022-23,Spring,C00257,Mechanical PG Course 1,SEC003461,6,Underfilled
2022-23,Spring,C00259,Mechanical PG Course 3,SEC003462,4,Underfilled
2022-23,Spring,C00260,Mechanical PG Course 4,SEC003463,1,Underfilled
2022-23,Spring,C00262,Mechanical PG Course 6,SEC003464,1,Underfilled
2022-23,Spring,C00264,Mechanical PG Course 8,SEC003465,1,Underfilled
2022-23,Spring,C00265,Mechanical PG Course 9,SEC003466,27,Optimal
2022-23,Spring,C00266,Mechanical PG Course 10,SEC003467,27,Optimal
2022-23,Spring,C00268,Mechanical PG Course 12,SEC003468,26,Optimal
2022-23,Spring,C00269,Mechanical PG Course 13,SEC003469,4,Underfilled
2022-23,Spring,C00270,Mechanical PG Course 14,SEC003470,1,Underfilled
2022-23,Spring,C00272,Electrical UG Course 2,SEC003471,10,Underfilled
2022-23,Spring,C00284,Electrical UG Course 14,SEC003472,1,Underfilled
2022-23,Spring,C00313,Electrical PG Course 3,SEC003473,32,Overfilled
2022-23,Spring,C00313,Electrical PG Course 3,SEC003474,32,Overfilled
2022-23,Spring,C00315,Electrical PG Course 5,SEC003475,15,Underfilled
2022-23,Spring,C00316,Electrical PG Course 6,SEC003476,19,Underfilled
2022-23,Spring,C00316,Electrical PG Course 6,SEC003477,19,Underfilled
2022-23,Spring,C00318,Electrical PG Course 8,SEC003478,20,Optimal
2022-23,Spring,C00318,Electrical PG Course 8,SEC003479,19,Underfilled
2022-23,Spring,C00319,Electrical PG Course 9,SEC003480,19,Underfilled
2022-23,Spring,C00319,Electrical PG Course 9,SEC003481,18,Underfilled
2022-23,Spring,C00322,Electrical PG Course 12,SEC003482,2,Underfilled
2022-23,Spring,C00323,Electrical PG Course 13,SEC003483,21,Optimal
2022-23,Spring,C00323,Electrical PG Course 13,SEC003484,21,Optimal
2022-23,Spring,C00325,Computer Science UG Course 1,SEC003485,17,Underfilled
2022-23,Spring,C00326,Computer Science UG Course 2,SEC003486,22,Optimal
2022-23,Spring,C00328,Computer Science UG Course 4,SEC003487,10,Underfilled
2022-23,Spring,C00330,Computer Science UG Course 6,SEC003488,9,Underfilled
2022-23,Spring,C00331,Computer Science UG Course 7,SEC003489,14,Underfilled
2022-23,Spring,C00332,Computer Science UG Course 8,SEC003490,5,Underfilled
2022-23,Spring,C00333,Computer Science UG Course 9,SEC003491,6,Underfilled
2022-23,Spring,C00334,Computer Science UG Course 10,SEC003492,8,Underfilled
2022-23,Spring,C00340,Computer Science UG Course 16,SEC003493,16,Underfilled
2022-23,Spring,C00341,Computer Science UG Course 17,SEC003494,13,Underfilled
2022-23,Spring,C00342,Computer Science UG Course 18,SEC003495,18,Underfilled
2022-23,Spring,C00345,Computer Science UG Course 21,SEC003496,9,Underfilled
2022-23,Spring,C00347,Computer Science UG Course 23,SEC003497,24,Optimal
2022-23,Spring,C00348,Computer Science UG Course 24,SEC003498,4,Underfilled
2022-23,Spring,C00350,Computer Science UG Course 26,SEC003499,9,Underfilled
2022-23,Spring,C00351,Computer Science UG Course 27,SEC003500,4,Underfilled
2022-23,Spring,C00353,Computer Science UG Course 29,SEC003501,1,Underfilled
2022-23,Spring,C00354,Computer Science UG Course 30,SEC003502,12,Underfilled
2022-23,Spring,C00355,Computer Science UG Course 31,SEC003503,8,Underfilled
2022-23,Spring,C00356,Computer Science UG Course 32,SEC003504,12,Underfilled
2022-23,Spring,C00357,Computer Science UG Course 33,SEC003505,7,Underfilled
2022-23,Spring,C00359,Computer Science UG Course 35,SEC003506,6,Underfilled
2022-23,Spring,C00360,Computer Science UG Course 36,SEC003507,14,Underfilled
2022-23,Spring,C00361,Computer Science UG Course 37,SEC003508,9,Underfilled
2022-23,Spring,C00362,Computer Science UG Course 38,SEC003509,7,Underfilled
2022-23,Spring,C00363,Computer Science UG Course 39,SEC003510,10,Underfilled
2022-23,Spring,C00364,Computer Science UG Course 40,SEC003511,4,Underfilled
2022-23,Spring,C00379,Data Science UG Course 1,SEC003512,2,Underfilled
2022-23,Spring,C00380,Data Science UG Course 2,SEC003513,7,Underfilled
2022-23,Spring,C00381,Data Science UG Course 3,SEC003514,9,Underfilled
2022-23,Spring,C00383,Data Science UG Course 5,SEC003515,7,Underfilled
2022-23,Spring,C00384,Data Science UG Course 6,SEC003516,5,Underfilled
2022-23,Spring,C00388,Data Science UG Course 10,SEC003517,13,Underfilled
2022-23,Spring,C00389,Data Science UG Course 11,SEC003518,3,Underfilled
2022-23,Spring,C00390,Data Science UG Course 12,SEC003519,3,Underfilled
2022-23,Spring,C00391,Data Science UG Course 13,SEC003520,6,Underfilled
2022-23,Spring,C00392,Data Science UG Course 14,SEC003521,5,Underfilled
2022-23,Spring,C00393,Data Science UG Course 15,SEC003522,10,Underfilled
2022-23,Spring,C00394,Data Science UG Course 16,SEC003523,7,Underfilled
2022-23,Spring,C00395,Data Science UG Course 17,SEC003524,21,Optimal
2022-23,Spring,C00397,Data Science UG Course 19,SEC003525,4,Underfilled
2022-23,Spring,C00398,Data Science UG Course 20,SEC003526,6,Underfilled
2022-23,Spring,C00399,Data Science UG Course 21,SEC003527,12,Underfilled
2022-23,Spring,C00401,Data Science UG Course 23,SEC003528,17,Underfilled
2022-23,Spring,C00402,Data Science UG Course 24,SEC003529,1,Underfilled
2022-23,Spring,C00403,Data Science UG Course 25,SEC003530,25,Optimal
2022-23,Spring,C00404,Data Science UG Course 26,SEC003531,14,Underfilled
2022-23,Spring,C00405,Data Science UG Course 27,SEC003532,5,Underfilled
2022-23,Spring,C00406,Data Science UG Course 28,SEC003533,13,Underfilled
2022-23,Spring,C00408,Data Science UG Course 30,SEC003534,7,Underfilled
2022-23,Spring,C00409,Data Science UG Course 31,SEC003535,4,Underfilled
2022-23,Spring,C00413,Data Science UG Course 35,SEC003536,13,Underfilled
2022-23,Spring,C00414,Data Science UG Course 36,SEC003537,9,Underfilled
2022-23,Spring,C00415,Data Science UG Course 37,SEC003538,10,Underfilled
2022-23,Spring,C00416,Data Science UG Course 38,SEC003539,9,Underfilled
2022-23,Spring,C00417,Data Science UG Course 39,SEC003540,4,Underfilled
2022-23,Spring,C00427,Data Science PG Course 9,SEC003541,1,Underfilled
2022-23,Spring,C00433,Cybersecurity UG Course 1,SEC003542,7,Underfilled
2022-23,Spring,C00434,Cybersecurity UG Course 2,SEC003543,3,Underfilled
2022-23,Spring,C00435,Cybersecurity UG Course 3,SEC003544,9,Underfilled
2022-23,Spring,C00436,Cybersecurity UG Course 4,SEC003545,7,Underfilled
2022-23,Spring,C00437,Cybersecurity UG Course 5,SEC003546,1,Underfilled
2022-23,Spring,C00438,Cybersecurity UG Course 6,SEC003547,6,Underfilled
2022-23,Spring,C00441,Cybersecurity UG Course 9,SEC003548,4,Underfilled
2022-23,Spring,C00442,Cybersecurity UG Course 10,SEC003549,11,Underfilled
2022-23,Spring,C00444,Cybersecurity UG Course 12,SEC003550,5,Underfilled
2022-23,Spring,C00446,Cybersecurity UG Course 14,SEC003551,5,Underfilled
2022-23,Spring,C00447,Cybersecurity UG Course 15,SEC003552,7,Underfilled
2022-23,Spring,C00448,Cybersecurity UG Course 16,SEC003553,13,Underfilled
2022-23,Spring,C00449,Cybersecurity UG Course 17,SEC003554,4,Underfilled
2022-23,Spring,C00452,Cybersecurity UG Course 20,SEC003555,1,Underfilled
2022-23,Spring,C00456,Cybersecurity UG Course 24,SEC003556,10,Underfilled
2022-23,Spring,C00459,Cybersecurity UG Course 27,SEC003557,33,Overfilled
2022-23,Spring,C00461,Cybersecurity UG Course 29,SEC003558,5,Underfilled
2022-23,Spring,C00462,Cybersecurity UG Course 30,SEC003559,1,Underfilled
2022-23,Spring,C00463,Cybersecurity UG Course 31,SEC003560,4,Underfilled
2022-23,Spring,C00466,Cybersecurity UG Course 34,SEC003561,8,Underfilled
2022-23,Spring,C00468,Cybersecurity UG Course 36,SEC003562,7,Underfilled
2022-23,Spring,C00474,Cybersecurity PG Course 2,SEC003563,27,Optimal
2022-23,Spring,C00475,Cybersecurity PG Course 3,SEC003564,4,Underfilled
2022-23,Spring,C00476,Cybersecurity PG Course 4,SEC003565,5,Underfilled
2022-23,Spring,C00480,Cybersecurity PG Course 8,SEC003566,27,Optimal
2022-23,Spring,C00481,Cybersecurity PG Course 9,SEC003567,1,Underfilled
2022-23,Spring,C00483,Cybersecurity PG Course 11,SEC003568,3,Underfilled
2022-23,Spring,C00484,Cybersecurity PG Course 12,SEC003569,31,Overfilled
2022-23,Spring,C00486,Cybersecurity PG Course 14,SEC003570,3,Underfilled
2022-23,Spring,C00487,Nursing UG Course 1,SEC003571,5,Underfilled
2022-23,Spring,C00488,Nursing UG Course 2,SEC003572,6,Underfilled
2022-23,Spring,C00490,Nursing UG Course 4,SEC003573,2,Underfilled
2022-23,Spring,C00492,Nursing UG Course 6,SEC003574,6,Underfilled
2022-23,Spring,C00494,Nursing UG Course 8,SEC003575,1,Underfilled
2022-23,Spring,C00495,Nursing UG Course 9,SEC003576,1,Underfilled
2022-23,Spring,C00499,Nursing UG Course 13,SEC003577,6,Underfilled
2022-23,Spring,C00502,Nursing UG Course 16,SEC003578,4,Underfilled
2022-23,Spring,C00504,Nursing UG Course 18,SEC003579,2,Underfilled
2022-23,Spring,C00505,Nursing UG Course 19,SEC003580,5,Underfilled
2022-23,Spring,C00507,Nursing UG Course 21,SEC003581,7,Underfilled
2022-23,Spring,C00508,Nursing UG Course 22,SEC003582,5,Underfilled
2022-23,Spring,C00509,Nursing UG Course 23,SEC003583,7,Underfilled
2022-23,Spring,C00510,Nursing UG Course 24,SEC003584,10,Underfilled
2022-23,Spring,C00513,Nursing UG Course 27,SEC003585,5,Underfilled
2022-23,Spring,C00515,Nursing UG Course 29,SEC003586,7,Underfilled
2022-23,Spring,C00517,Nursing UG Course 31,SEC003587,12,Underfilled
2022-23,Spring,C00518,Nursing UG Course 32,SEC003588,1,Underfilled
2022-23,Spring,C00520,Nursing UG Course 34,SEC003589,6,Underfilled
2022-23,Spring,C00522,Nursing UG Course 36,SEC003590,5,Underfilled
2022-23,Spring,C00523,Nursing UG Course 37,SEC003591,11,Underfilled
2022-23,Spring,C00526,Nursing UG Course 40,SEC003592,10,Underfilled
2022-23,Spring,C00528,Nursing PG Course 2,SEC003593,27,Optimal
2022-23,Spring,C00531,Nursing PG Course 5,SEC003594,26,Optimal
2022-23,Spring,C00532,Nursing PG Course 6,SEC003595,5,Underfilled
2022-23,Spring,C00534,Nursing PG Course 8,SEC003596,3,Underfilled
2022-23,Spring,C00537,Nursing PG Course 11,SEC003597,26,Optimal
2022-23,Spring,C00540,Nursing PG Course 14,SEC003598,3,Underfilled
2022-23,Spring,C00541,Public Health UG Course 1,SEC003599,1,Underfilled
2022-23,Spring,C00542,Public Health UG Course 2,SEC003600,5,Underfilled
2022-23,Spring,C00543,Public Health UG Course 3,SEC003601,8,Underfilled
2022-23,Spring,C00544,Public Health UG Course 4,SEC003602,11,Underfilled
2022-23,Spring,C00546,Public Health UG Course 6,SEC003603,7,Underfilled
2022-23,Spring,C00547,Public Health UG Course 7,SEC003604,8,Underfilled
2022-23,Spring,C00548,Public Health UG Course 8,SEC003605,13,Underfilled
2022-23,Spring,C00550,Public Health UG Course 10,SEC003606,20,Optimal
2022-23,Spring,C00550,Public Health UG Course 10,SEC003607,19,Underfilled
2022-23,Spring,C00551,Public Health UG Course 11,SEC003608,13,Underfilled
2022-23,Spring,C00552,Public Health UG Course 12,SEC003609,16,Underfilled
2022-23,Spring,C00553,Public Health UG Course 13,SEC003610,8,Underfilled
2022-23,Spring,C00555,Public Health UG Course 15,SEC003611,6,Underfilled
2022-23,Spring,C00556,Public Health UG Course 16,SEC003612,1,Underfilled
2022-23,Spring,C00557,Public Health UG Course 17,SEC003613,11,Underfilled
2022-23,Spring,C00558,Public Health UG Course 18,SEC003614,22,Optimal
2022-23,Spring,C00560,Public Health UG Course 20,SEC003615,12,Underfilled
2022-23,Spring,C00561,Public Health UG Course 21,SEC003616,3,Underfilled
2022-23,Spring,C00562,Public Health UG Course 22,SEC003617,9,Underfilled
2022-23,Spring,C00564,Public Health UG Course 24,SEC003618,9,Underfilled
2022-23,Spring,C00565,Public Health UG Course 25,SEC003619,21,Optimal
2022-23,Spring,C00566,Public Health UG Course 26,SEC003620,8,Underfilled
2022-23,Spring,C00568,Public Health UG Course 28,SEC003621,15,Underfilled
2022-23,Spring,C00569,Public Health UG Course 29,SEC003622,9,Underfilled
2022-23,Spring,C00570,Public Health UG Course 30,SEC003623,6,Underfilled
2022-23,Spring,C00571,Public Health UG Course 31,SEC003624,13,Underfilled
2022-23,Spring,C00573,Public Health UG Course 33,SEC003625,9,Underfilled
2022-23,Spring,C00575,Public Health UG Course 35,SEC003626,1,Underfilled
2022-23,Spring,C00576,Public Health UG Course 36,SEC003627,20,Optimal
2022-23,Spring,C00577,Public Health UG Course 37,SEC003628,12,Underfilled
2022-23,Spring,C00578,Public Health UG Course 38,SEC003629,7,Underfilled
2022-23,Spring,C00580,Public Health UG Course 40,SEC003630,14,Underfilled
2022-23,Spring,C00582,Public Health PG Course 2,SEC003631,5,Underfilled
2022-23,Spring,C00590,Public Health PG Course 10,SEC003632,1,Underfilled
2022-23,Spring,C00594,Public Health PG Course 14,SEC003633,1,Underfilled
2022-23,Spring,C00595,Pharmacy UG Course 1,SEC003634,6,Underfilled
2022-23,Spring,C00596,Pharmacy UG Course 2,SEC003635,11,Underfilled
2022-23,Spring,C00598,Pharmacy UG Course 4,SEC003636,6,Underfilled
2022-23,Spring,C00599,Pharmacy UG Course 5,SEC003637,10,Underfilled
2022-23,Spring,C00600,Pharmacy UG Course 6,SEC003638,15,Underfilled
2022-23,Spring,C00601,Pharmacy UG Course 7,SEC003639,28,Optimal
2022-23,Spring,C00602,Pharmacy UG Course 8,SEC003640,7,Underfilled
2022-23,Spring,C00603,Pharmacy UG Course 9,SEC003641,3,Underfilled
2022-23,Spring,C00604,Pharmacy UG Course 10,SEC003642,8,Underfilled
2022-23,Spring,C00606,Pharmacy UG Course 12,SEC003643,26,Optimal
2022-23,Spring,C00607,Pharmacy UG Course 13,SEC003644,12,Underfilled
2022-23,Spring,C00608,Pharmacy UG Course 14,SEC003645,8,Underfilled
2022-23,Spring,C00609,Pharmacy UG Course 15,SEC003646,1,Underfilled
2022-23,Spring,C00610,Pharmacy UG Course 16,SEC003647,10,Underfilled
2022-23,Spring,C00611,Pharmacy UG Course 17,SEC003648,9,Underfilled
2022-23,Spring,C00612,Pharmacy UG Course 18,SEC003649,9,Underfilled
2022-23,Spring,C00613,Pharmacy UG Course 19,SEC003650,5,Underfilled
2022-23,Spring,C00614,Pharmacy UG Course 20,SEC003651,15,Underfilled
2022-23,Spring,C00615,Pharmacy UG Course 21,SEC003652,14,Underfilled
2022-23,Spring,C00617,Pharmacy UG Course 23,SEC003653,5,Underfilled
2022-23,Spring,C00618,Pharmacy UG Course 24,SEC003654,5,Underfilled
2022-23,Spring,C00619,Pharmacy UG Course 25,SEC003655,9,Underfilled
2022-23,Spring,C00620,Pharmacy UG Course 26,SEC003656,9,Underfilled
2022-23,Spring,C00621,Pharmacy UG Course 27,SEC003657,10,Underfilled
2022-23,Spring,C00623,Pharmacy UG Course 29,SEC003658,12,Underfilled
2022-23,Spring,C00624,Pharmacy UG Course 30,SEC003659,13,Underfilled
2022-23,Spring,C00627,Pharmacy UG Course 33,SEC003660,1,Underfilled
2022-23,Spring,C00629,Pharmacy UG Course 35,SEC003661,1,Underfilled
2022-23,Spring,C00630,Pharmacy UG Course 36,SEC003662,19,Underfilled
2022-23,Spring,C00631,Pharmacy UG Course 37,SEC003663,11,Underfilled
2022-23,Spring,C00632,Pharmacy UG Course 38,SEC003664,9,Underfilled
2022-23,Spring,C00634,Pharmacy UG Course 40,SEC003665,20,Optimal
2022-23,Spring,C00640,Pharmacy PG Course 6,SEC003666,2,Underfilled
2022-23,Spring,C00642,Pharmacy PG Course 8,SEC003667,1,Underfilled
2022-23,Spring,C00643,Pharmacy PG Course 9,SEC003668,2,Underfilled
2022-23,Spring,C00650,Psychology UG Course 2,SEC003669,13,Underfilled
2022-23,Spring,C00652,Psychology UG Course 4,SEC003670,7,Underfilled
2022-23,Spring,C00653,Psychology UG Course 5,SEC003671,5,Underfilled
2022-23,Spring,C00654,Psychology UG Course 6,SEC003672,16,Underfilled
2022-23,Spring,C00655,Psychology UG Course 7,SEC003673,14,Underfilled
2022-23,Spring,C00656,Psychology UG Course 8,SEC003674,10,Underfilled
2022-23,Spring,C00658,Psychology UG Course 10,SEC003675,10,Underfilled
2022-23,Spring,C00660,Psychology UG Course 12,SEC003676,9,Underfilled
2022-23,Spring,C00661,Psychology UG Course 13,SEC003677,6,Underfilled
2022-23,Spring,C00665,Psychology UG Course 17,SEC003678,9,Underfilled
2022-23,Spring,C00666,Psychology UG Course 18,SEC003679,26,Optimal
2022-23,Spring,C00668,Psychology UG Course 20,SEC003680,4,Underfilled
2022-23,Spring,C00669,Psychology UG Course 21,SEC003681,3,Underfilled
2022-23,Spring,C00670,Psychology UG Course 22,SEC003682,7,Underfilled
2022-23,Spring,C00671,Psychology UG Course 23,SEC003683,7,Underfilled
2022-23,Spring,C00672,Psychology UG Course 24,SEC003684,6,Underfilled
2022-23,Spring,C00673,Psychology UG Course 25,SEC003685,12,Underfilled
2022-23,Spring,C00675,Psychology UG Course 27,SEC003686,17,Underfilled
2022-23,Spring,C00676,Psychology UG Course 28,SEC003687,10,Underfilled
2022-23,Spring,C00677,Psychology UG Course 29,SEC003688,19,Underfilled
2022-23,Spring,C00678,Psychology UG Course 30,SEC003689,10,Underfilled
2022-23,Spring,C00680,Psychology UG Course 32,SEC003690,19,Underfilled
2022-23,Spring,C00681,Psychology UG Course 33,SEC003691,13,Underfilled
2022-23,Spring,C00683,Psychology UG Course 35,SEC003692,17,Underfilled
2022-23,Spring,C00684,Psychology UG Course 36,SEC003693,6,Underfilled
2022-23,Spring,C00685,Psychology UG Course 37,SEC003694,23,Optimal
2022-23,Spring,C00685,Psychology UG Course 37,SEC003695,22,Optimal
2022-23,Spring,C00686,Psychology UG Course 38,SEC003696,2,Underfilled
2022-23,Spring,C00688,Psychology UG Course 40,SEC003697,15,Underfilled
2022-23,Spring,C00703,Education UG Course 1,SEC003698,2,Underfilled
2022-23,Spring,C00704,Education UG Course 2,SEC003699,4,Underfilled
2022-23,Spring,C00705,Education UG Course 3,SEC003700,10,Underfilled
2022-23,Spring,C00707,Education UG Course 5,SEC003701,16,Underfilled
2022-23,Spring,C00708,Education UG Course 6,SEC003702,1,Underfilled
2022-23,Spring,C00709,Education UG Course 7,SEC003703,4,Underfilled
2022-23,Spring,C00710,Education UG Course 8,SEC003704,5,Underfilled
2022-23,Spring,C00711,Education UG Course 9,SEC003705,9,Underfilled
2022-23,Spring,C00712,Education UG Course 10,SEC003706,7,Underfilled
2022-23,Spring,C00713,Education UG Course 11,SEC003707,9,Underfilled
2022-23,Spring,C00715,Education UG Course 13,SEC003708,1,Underfilled
2022-23,Spring,C00716,Education UG Course 14,SEC003709,12,Underfilled
2022-23,Spring,C00717,Education UG Course 15,SEC003710,4,Underfilled
2022-23,Spring,C00720,Education UG Course 18,SEC003711,17,Underfilled
2022-23,Spring,C00722,Education UG Course 20,SEC003712,2,Underfilled
2022-23,Spring,C00724,Education UG Course 22,SEC003713,3,Underfilled
2022-23,Spring,C00725,Education UG Course 23,SEC003714,5,Underfilled
2022-23,Spring,C00726,Education UG Course 24,SEC003715,9,Underfilled
2022-23,Spring,C00727,Education UG Course 25,SEC003716,2,Underfilled
2022-23,Spring,C00728,Education UG Course 26,SEC003717,16,Underfilled
2022-23,Spring,C00730,Education UG Course 28,SEC003718,7,Underfilled
2022-23,Spring,C00731,Education UG Course 29,SEC003719,16,Underfilled
2022-23,Spring,C00732,Education UG Course 30,SEC003720,5,Underfilled
2022-23,Spring,C00733,Education UG Course 31,SEC003721,4,Underfilled
2022-23,Spring,C00734,Education UG Course 32,SEC003722,5,Underfilled
2022-23,Spring,C00735,Education UG Course 33,SEC003723,3,Underfilled
2022-23,Spring,C00736,Education UG Course 34,SEC003724,9,Underfilled
2022-23,Spring,C00737,Education UG Course 35,SEC003725,8,Underfilled
2022-23,Spring,C00739,Education UG Course 37,SEC003726,8,Underfilled
2022-23,Spring,C00741,Education UG Course 39,SEC003727,6,Underfilled
2022-23,Spring,C00758,Media UG Course 2,SEC003728,1,Underfilled
2022-23,Spring,C00759,Media UG Course 3,SEC003729,9,Underfilled
2022-23,Spring,C00760,Media UG Course 4,SEC003730,8,Underfilled
2022-23,Spring,C00761,Media UG Course 5,SEC003731,15,Underfilled
2022-23,Spring,C00762,Media UG Course 6,SEC003732,8,Underfilled
2022-23,Spring,C00763,Media UG Course 7,SEC003733,9,Underfilled
2022-23,Spring,C00764,Media UG Course 8,SEC003734,21,Optimal
2022-23,Spring,C00764,Media UG Course 8,SEC003735,21,Optimal
2022-23,Spring,C00765,Media UG Course 9,SEC003736,10,Underfilled
2022-23,Spring,C00766,Media UG Course 10,SEC003737,7,Underfilled
2022-23,Spring,C00767,Media UG Course 11,SEC003738,5,Underfilled
2022-23,Spring,C00769,Media UG Course 13,SEC003739,13,Underfilled
2022-23,Spring,C00770,Media UG Course 14,SEC003740,13,Underfilled
2022-23,Spring,C00771,Media UG Course 15,SEC003741,16,Underfilled
2022-23,Spring,C00774,Media UG Course 18,SEC003742,21,Optimal
2022-23,Spring,C00775,Media UG Course 19,SEC003743,1,Underfilled
2022-23,Spring,C00776,Media UG Course 20,SEC003744,1,Underfilled
2022-23,Spring,C00777,Media UG Course 21,SEC003745,1,Underfilled
2022-23,Spring,C00778,Media UG Course 22,SEC003746,8,Underfilled
2022-23,Spring,C00780,Media UG Course 24,SEC003747,12,Underfilled
2022-23,Spring,C00782,Media UG Course 26,SEC003748,1,Underfilled
2022-23,Spring,C00783,Media UG Course 27,SEC003749,18,Underfilled
2022-23,Spring,C00784,Media UG Course 28,SEC003750,3,Underfilled
2022-23,Spring,C00785,Media UG Course 29,SEC003751,19,Underfilled
2022-23,Spring,C00786,Media UG Course 30,SEC003752,13,Underfilled
2022-23,Spring,C00788,Media UG Course 32,SEC003753,14,Underfilled
2022-23,Spring,C00790,Media UG Course 34,SEC003754,10,Underfilled
2022-23,Spring,C00792,Media UG Course 36,SEC003755,3,Underfilled
2022-23,Spring,C00793,Media UG Course 37,SEC003756,6,Underfilled
2022-23,Spring,C00795,Media UG Course 39,SEC003757,18,Underfilled
2022-23,Spring,C00796,Media UG Course 40,SEC003758,9,Underfilled
2023-24,Fall,C00001,Management UG Course 1,SEC003759,3,Underfilled
2023-24,Fall,C00003,Management UG Course 3,SEC003760,13,Underfilled
2023-24,Fall,C00004,Management UG Course 4,SEC003761,8,Underfilled
2023-24,Fall,C00005,Management UG Course 5,SEC003762,6,Underfilled
2023-24,Fall,C00007,Management UG Course 7,SEC003763,19,Underfilled
2023-24,Fall,C00008,Management UG Course 8,SEC003764,15,Underfilled
2023-24,Fall,C00009,Management UG Course 9,SEC003765,1,Underfilled
2023-24,Fall,C00010,Management UG Course 10,SEC003766,6,Underfilled
2023-24,Fall,C00011,Management UG Course 11,SEC003767,8,Underfilled
2023-24,Fall,C00012,Management UG Course 12,SEC003768,6,Underfilled
2023-24,Fall,C00013,Management UG Course 13,SEC003769,10,Underfilled
2023-24,Fall,C00014,Management UG Course 14,SEC003770,8,Underfilled
2023-24,Fall,C00015,Management UG Course 15,SEC003771,1,Underfilled
2023-24,Fall,C00016,Management UG Course 16,SEC003772,5,Underfilled
2023-24,Fall,C00017,Management UG Course 17,SEC003773,1,Underfilled
2023-24,Fall,C00019,Management UG Course 19,SEC003774,7,Underfilled
2023-24,Fall,C00020,Management UG Course 20,SEC003775,7,Underfilled
2023-24,Fall,C00021,Management UG Course 21,SEC003776,2,Underfilled
2023-24,Fall,C00022,Management UG Course 22,SEC003777,9,Underfilled
2023-24,Fall,C00023,Management UG Course 23,SEC003778,14,Underfilled
2023-24,Fall,C00024,Management UG Course 24,SEC003779,10,Underfilled
2023-24,Fall,C00025,Management UG Course 25,SEC003780,6,Underfilled
2023-24,Fall,C00026,Management UG Course 26,SEC003781,16,Underfilled
2023-24,Fall,C00027,Management UG Course 27,SEC003782,5,Underfilled
2023-24,Fall,C00028,Management UG Course 28,SEC003783,11,Underfilled
2023-24,Fall,C00029,Management UG Course 29,SEC003784,10,Underfilled
2023-24,Fall,C00030,Management UG Course 30,SEC003785,18,Underfilled
2023-24,Fall,C00031,Management UG Course 31,SEC003786,4,Underfilled
2023-24,Fall,C00032,Management UG Course 32,SEC003787,14,Underfilled
2023-24,Fall,C00033,Management UG Course 33,SEC003788,6,Underfilled
2023-24,Fall,C00034,Management UG Course 34,SEC003789,11,Underfilled
2023-24,Fall,C00035,Management UG Course 35,SEC003790,23,Optimal
2023-24,Fall,C00037,Management UG Course 37,SEC003791,12,Underfilled
2023-24,Fall,C00038,Management UG Course 38,SEC003792,17,Underfilled
2023-24,Fall,C00039,Management UG Course 39,SEC003793,4,Underfilled
2023-24,Fall,C00040,Management UG Course 40,SEC003794,8,Underfilled
2023-24,Fall,C00055,Finance UG Course 1,SEC003795,16,Underfilled
2023-24,Fall,C00056,Finance UG Course 2,SEC003796,9,Underfilled
2023-24,Fall,C00057,Finance UG Course 3,SEC003797,11,Underfilled
2023-24,Fall,C00058,Finance UG Course 4,SEC003798,17,Underfilled
2023-24,Fall,C00060,Finance UG Course 6,SEC003799,11,Underfilled
2023-24,Fall,C00061,Finance UG Course 7,SEC003800,3,Underfilled
2023-24,Fall,C00062,Finance UG Course 8,SEC003801,10,Underfilled
2023-24,Fall,C00063,Finance UG Course 9,SEC003802,5,Underfilled
2023-24,Fall,C00064,Finance UG Course 10,SEC003803,8,Underfilled
2023-24,Fall,C00065,Finance UG Course 11,SEC003804,4,Underfilled
2023-24,Fall,C00066,Finance UG Course 12,SEC003805,1,Underfilled
2023-24,Fall,C00068,Finance UG Course 14,SEC003806,17,Underfilled
2023-24,Fall,C00069,Finance UG Course 15,SEC003807,1,Underfilled
2023-24,Fall,C00070,Finance UG Course 16,SEC003808,7,Underfilled
2023-24,Fall,C00071,Finance UG Course 17,SEC003809,6,Underfilled
2023-24,Fall,C00072,Finance UG Course 18,SEC003810,12,Underfilled
2023-24,Fall,C00073,Finance UG Course 19,SEC003811,9,Underfilled
2023-24,Fall,C00074,Finance UG Course 20,SEC003812,10,Underfilled
2023-24,Fall,C00075,Finance UG Course 21,SEC003813,14,Underfilled
2023-24,Fall,C00076,Finance UG Course 22,SEC003814,5,Underfilled
2023-24,Fall,C00077,Finance UG Course 23,SEC003815,8,Underfilled
2023-24,Fall,C00078,Finance UG Course 24,SEC003816,9,Underfilled
2023-24,Fall,C00079,Finance UG Course 25,SEC003817,5,Underfilled
2023-24,Fall,C00081,Finance UG Course 27,SEC003818,13,Underfilled
2023-24,Fall,C00083,Finance UG Course 29,SEC003819,10,Underfilled
2023-24,Fall,C00084,Finance UG Course 30,SEC003820,19,Underfilled
2023-24,Fall,C00085,Finance UG Course 31,SEC003821,9,Underfilled
2023-24,Fall,C00087,Finance UG Course 33,SEC003822,8,Underfilled
2023-24,Fall,C00088,Finance UG Course 34,SEC003823,7,Underfilled
2023-24,Fall,C00090,Finance UG Course 36,SEC003824,7,Underfilled
2023-24,Fall,C00092,Finance UG Course 38,SEC003825,12,Underfilled
2023-24,Fall,C00093,Finance UG Course 39,SEC003826,20,Optimal
2023-24,Fall,C00109,Marketing UG Course 1,SEC003827,16,Underfilled
2023-24,Fall,C00110,Marketing UG Course 2,SEC003828,3,Underfilled
2023-24,Fall,C00111,Marketing UG Course 3,SEC003829,8,Underfilled
2023-24,Fall,C00113,Marketing UG Course 5,SEC003830,5,Underfilled
2023-24,Fall,C00114,Marketing UG Course 6,SEC003831,12,Underfilled
2023-24,Fall,C00115,Marketing UG Course 7,SEC003832,3,Underfilled
2023-24,Fall,C00116,Marketing UG Course 8,SEC003833,13,Underfilled
2023-24,Fall,C00117,Marketing UG Course 9,SEC003834,7,Underfilled
2023-24,Fall,C00119,Marketing UG Course 11,SEC003835,10,Underfilled
2023-24,Fall,C00120,Marketing UG Course 12,SEC003836,6,Underfilled
2023-24,Fall,C00121,Marketing UG Course 13,SEC003837,4,Underfilled
2023-24,Fall,C00122,Marketing UG Course 14,SEC003838,18,Underfilled
2023-24,Fall,C00123,Marketing UG Course 15,SEC003839,6,Underfilled
2023-24,Fall,C00124,Marketing UG Course 16,SEC003840,13,Underfilled
2023-24,Fall,C00125,Marketing UG Course 17,SEC003841,8,Underfilled
2023-24,Fall,C00126,Marketing UG Course 18,SEC003842,8,Underfilled
2023-24,Fall,C00127,Marketing UG Course 19,SEC003843,4,Underfilled
2023-24,Fall,C00128,Marketing UG Course 20,SEC003844,6,Underfilled
2023-24,Fall,C00129,Marketing UG Course 21,SEC003845,4,Underfilled
2023-24,Fall,C00131,Marketing UG Course 23,SEC003846,5,Underfilled
2023-24,Fall,C00134,Marketing UG Course 26,SEC003847,4,Underfilled
2023-24,Fall,C00135,Marketing UG Course 27,SEC003848,11,Underfilled
2023-24,Fall,C00137,Marketing UG Course 29,SEC003849,11,Underfilled
2023-24,Fall,C00138,Marketing UG Course 30,SEC003850,10,Underfilled
2023-24,Fall,C00139,Marketing UG Course 31,SEC003851,10,Underfilled
2023-24,Fall,C00140,Marketing UG Course 32,SEC003852,6,Underfilled
2023-24,Fall,C00141,Marketing UG Course 33,SEC003853,7,Underfilled
2023-24,Fall,C00142,Marketing UG Course 34,SEC003854,5,Underfilled
2023-24,Fall,C00143,Marketing UG Course 35,SEC003855,5,Underfilled
2023-24,Fall,C00144,Marketing UG Course 36,SEC003856,11,Underfilled
2023-24,Fall,C00145,Marketing UG Course 37,SEC003857,3,Underfilled
2023-24,Fall,C00146,Marketing UG Course 38,SEC003858,12,Underfilled
2023-24,Fall,C00147,Marketing UG Course 39,SEC003859,15,Underfilled
2023-24,Fall,C00163,Civil UG Course 1,SEC003860,23,Optimal
2023-24,Fall,C00165,Civil UG Course 3,SEC003861,14,Underfilled
2023-24,Fall,C00167,Civil UG Course 5,SEC003862,8,Underfilled
2023-24,Fall,C00168,Civil UG Course 6,SEC003863,6,Underfilled
2023-24,Fall,C00169,Civil UG Course 7,SEC003864,12,Underfilled
2023-24,Fall,C00171,Civil UG Course 9,SEC003865,5,Underfilled
2023-24,Fall,C00172,Civil UG Course 10,SEC003866,8,Underfilled
2023-24,Fall,C00174,Civil UG Course 12,SEC003867,21,Optimal
2023-24,Fall,C00175,Civil UG Course 13,SEC003868,6,Underfilled
2023-24,Fall,C00176,Civil UG Course 14,SEC003869,10,Underfilled
2023-24,Fall,C00177,Civil UG Course 15,SEC003870,7,Underfilled
2023-24,Fall,C00179,Civil UG Course 17,SEC003871,5,Underfilled
2023-24,Fall,C00180,Civil UG Course 18,SEC003872,5,Underfilled
2023-24,Fall,C00181,Civil UG Course 19,SEC003873,11,Underfilled
2023-24,Fall,C00182,Civil UG Course 20,SEC003874,2,Underfilled
2023-24,Fall,C00183,Civil UG Course 21,SEC003875,2,Underfilled
2023-24,Fall,C00184,Civil UG Course 22,SEC003876,16,Underfilled
2023-24,Fall,C00185,Civil UG Course 23,SEC003877,12,Underfilled
2023-24,Fall,C00186,Civil UG Course 24,SEC003878,2,Underfilled
2023-24,Fall,C00188,Civil UG Course 26,SEC003879,9,Underfilled
2023-24,Fall,C00189,Civil UG Course 27,SEC003880,8,Underfilled
2023-24,Fall,C00190,Civil UG Course 28,SEC003881,7,Underfilled
2023-24,Fall,C00191,Civil UG Course 29,SEC003882,13,Underfilled
2023-24,Fall,C00193,Civil UG Course 31,SEC003883,8,Underfilled
2023-24,Fall,C00194,Civil UG Course 32,SEC003884,6,Underfilled
2023-24,Fall,C00195,Civil UG Course 33,SEC003885,9,Underfilled
2023-24,Fall,C00196,Civil UG Course 34,SEC003886,7,Underfilled
2023-24,Fall,C00197,Civil UG Course 35,SEC003887,5,Underfilled
2023-24,Fall,C00198,Civil UG Course 36,SEC003888,8,Underfilled
2023-24,Fall,C00199,Civil UG Course 37,SEC003889,4,Underfilled
2023-24,Fall,C00200,Civil UG Course 38,SEC003890,12,Underfilled
2023-24,Fall,C00201,Civil UG Course 39,SEC003891,9,Underfilled
2023-24,Fall,C00202,Civil UG Course 40,SEC003892,8,Underfilled
2023-24,Fall,C00204,Civil PG Course 2,SEC003893,2,Underfilled
2023-24,Fall,C00209,Civil PG Course 7,SEC003894,4,Underfilled
2023-24,Fall,C00212,Civil PG Course 10,SEC003895,4,Underfilled
2023-24,Fall,C00214,Civil PG Course 12,SEC003896,1,Underfilled
2023-24,Fall,C00218,Mechanical UG Course 2,SEC003897,14,Underfilled
2023-24,Fall,C00220,Mechanical UG Course 4,SEC003898,4,Underfilled
2023-24,Fall,C00222,Mechanical UG Course 6,SEC003899,1,Underfilled
2023-24,Fall,C00224,Mechanical UG Course 8,SEC003900,4,Underfilled
2023-24,Fall,C00225,Mechanical UG Course 9,SEC003901,1,Underfilled
2023-24,Fall,C00232,Mechanical UG Course 16,SEC003902,6,Underfilled
2023-24,Fall,C00233,Mechanical UG Course 17,SEC003903,12,Underfilled
2023-24,Fall,C00234,Mechanical UG Course 18,SEC003904,15,Underfilled
2023-24,Fall,C00235,Mechanical UG Course 19,SEC003905,6,Underfilled
2023-24,Fall,C00236,Mechanical UG Course 20,SEC003906,11,Underfilled
2023-24,Fall,C00237,Mechanical UG Course 21,SEC003907,3,Underfilled
2023-24,Fall,C00238,Mechanical UG Course 22,SEC003908,7,Underfilled
2023-24,Fall,C00242,Mechanical UG Course 26,SEC003909,4,Underfilled
2023-24,Fall,C00243,Mechanical UG Course 27,SEC003910,5,Underfilled
2023-24,Fall,C00244,Mechanical UG Course 28,SEC003911,9,Underfilled
2023-24,Fall,C00245,Mechanical UG Course 29,SEC003912,2,Underfilled
2023-24,Fall,C00249,Mechanical UG Course 33,SEC003913,9,Underfilled
2023-24,Fall,C00250,Mechanical UG Course 34,SEC003914,11,Underfilled
2023-24,Fall,C00251,Mechanical UG Course 35,SEC003915,5,Underfilled
2023-24,Fall,C00253,Mechanical UG Course 37,SEC003916,9,Underfilled
2023-24,Fall,C00254,Mechanical UG Course 38,SEC003917,9,Underfilled
2023-24,Fall,C00255,Mechanical UG Course 39,SEC003918,11,Underfilled
2023-24,Fall,C00257,Mechanical PG Course 1,SEC003919,2,Underfilled
2023-24,Fall,C00259,Mechanical PG Course 3,SEC003920,1,Underfilled
2023-24,Fall,C00260,Mechanical PG Course 4,SEC003921,4,Underfilled
2023-24,Fall,C00261,Mechanical PG Course 5,SEC003922,2,Underfilled
2023-24,Fall,C00264,Mechanical PG Course 8,SEC003923,6,Underfilled
2023-24,Fall,C00265,Mechanical PG Course 9,SEC003924,24,Optimal
2023-24,Fall,C00266,Mechanical PG Course 10,SEC003925,24,Optimal
2023-24,Fall,C00268,Mechanical PG Course 12,SEC003926,24,Optimal
2023-24,Fall,C00269,Mechanical PG Course 13,SEC003927,3,Underfilled
2023-24,Fall,C00270,Mechanical PG Course 14,SEC003928,2,Underfilled
2023-24,Fall,C00271,Electrical UG Course 1,SEC003929,1,Underfilled
2023-24,Fall,C00278,Electrical UG Course 8,SEC003930,1,Underfilled
2023-24,Fall,C00281,Electrical UG Course 11,SEC003931,2,Underfilled
2023-24,Fall,C00286,Electrical UG Course 16,SEC003932,1,Underfilled
2023-24,Fall,C00296,Electrical UG Course 26,SEC003933,1,Underfilled
2023-24,Fall,C00311,Electrical PG Course 1,SEC003934,6,Underfilled
2023-24,Fall,C00313,Electrical PG Course 3,SEC003935,32,Overfilled
2023-24,Fall,C00313,Electrical PG Course 3,SEC003936,31,Overfilled
2023-24,Fall,C00314,Electrical PG Course 4,SEC003937,10,Underfilled
2023-24,Fall,C00315,Electrical PG Course 5,SEC003938,2,Underfilled
2023-24,Fall,C00316,Electrical PG Course 6,SEC003939,32,Overfilled
2023-24,Fall,C00317,Electrical PG Course 7,SEC003940,6,Underfilled
2023-24,Fall,C00318,Electrical PG Course 8,SEC003941,29,Optimal
2023-24,Fall,C00319,Electrical PG Course 9,SEC003942,34,Overfilled
2023-24,Fall,C00320,Electrical PG Course 10,SEC003943,8,Underfilled
2023-24,Fall,C00322,Electrical PG Course 12,SEC003944,3,Underfilled
2023-24,Fall,C00323,Electrical PG Course 13,SEC003945,30,Optimal
2023-24,Fall,C00324,Electrical PG Course 14,SEC003946,13,Underfilled
2023-24,Fall,C00326,Computer Science UG Course 2,SEC003947,7,Underfilled
2023-24,Fall,C00327,Computer Science UG Course 3,SEC003948,9,Underfilled
2023-24,Fall,C00329,Computer Science UG Course 5,SEC003949,13,Underfilled
2023-24,Fall,C00330,Computer Science UG Course 6,SEC003950,4,Underfilled
2023-24,Fall,C00331,Computer Science UG Course 7,SEC003951,1,Underfilled
2023-24,Fall,C00332,Computer Science UG Course 8,SEC003952,4,Underfilled
2023-24,Fall,C00333,Computer Science UG Course 9,SEC003953,9,Underfilled
2023-24,Fall,C00334,Computer Science UG Course 10,SEC003954,5,Underfilled
2023-24,Fall,C00335,Computer Science UG Course 11,SEC003955,5,Underfilled
2023-24,Fall,C00336,Computer Science UG Course 12,SEC003956,5,Underfilled
2023-24,Fall,C00337,Computer Science UG Course 13,SEC003957,11,Underfilled
2023-24,Fall,C00338,Computer Science UG Course 14,SEC003958,4,Underfilled
2023-24,Fall,C00340,Computer Science UG Course 16,SEC003959,12,Underfilled
2023-24,Fall,C00342,Computer Science UG Course 18,SEC003960,2,Underfilled
2023-24,Fall,C00344,Computer Science UG Course 20,SEC003961,4,Underfilled
2023-24,Fall,C00345,Computer Science UG Course 21,SEC003962,14,Underfilled
2023-24,Fall,C00346,Computer Science UG Course 22,SEC003963,15,Underfilled
2023-24,Fall,C00347,Computer Science UG Course 23,SEC003964,17,Underfilled
2023-24,Fall,C00348,Computer Science UG Course 24,SEC003965,11,Underfilled
2023-24,Fall,C00349,Computer Science UG Course 25,SEC003966,16,Underfilled
2023-24,Fall,C00350,Computer Science UG Course 26,SEC003967,15,Underfilled
2023-24,Fall,C00351,Computer Science UG Course 27,SEC003968,11,Underfilled
2023-24,Fall,C00352,Computer Science UG Course 28,SEC003969,9,Underfilled
2023-24,Fall,C00353,Computer Science UG Course 29,SEC003970,5,Underfilled
2023-24,Fall,C00354,Computer Science UG Course 30,SEC003971,7,Underfilled
2023-24,Fall,C00355,Computer Science UG Course 31,SEC003972,7,Underfilled
2023-24,Fall,C00356,Computer Science UG Course 32,SEC003973,5,Underfilled
2023-24,Fall,C00357,Computer Science UG Course 33,SEC003974,6,Underfilled
2023-24,Fall,C00360,Computer Science UG Course 36,SEC003975,15,Underfilled
2023-24,Fall,C00361,Computer Science UG Course 37,SEC003976,6,Underfilled
2023-24,Fall,C00362,Computer Science UG Course 38,SEC003977,11,Underfilled
2023-24,Fall,C00363,Computer Science UG Course 39,SEC003978,9,Underfilled
2023-24,Fall,C00364,Computer Science UG Course 40,SEC003979,10,Underfilled
2023-24,Fall,C00379,Data Science UG Course 1,SEC003980,1,Underfilled
2023-24,Fall,C00380,Data Science UG Course 2,SEC003981,14,Underfilled
2023-24,Fall,C00381,Data Science UG Course 3,SEC003982,2,Underfilled
2023-24,Fall,C00382,Data Science UG Course 4,SEC003983,8,Underfilled
2023-24,Fall,C00383,Data Science UG Course 5,SEC003984,4,Underfilled
2023-24,Fall,C00384,Data Science UG Course 6,SEC003985,6,Underfilled
2023-24,Fall,C00387,Data Science UG Course 9,SEC003986,7,Underfilled
2023-24,Fall,C00388,Data Science UG Course 10,SEC003987,17,Underfilled
2023-24,Fall,C00389,Data Science UG Course 11,SEC003988,9,Underfilled
2023-24,Fall,C00390,Data Science UG Course 12,SEC003989,11,Underfilled
2023-24,Fall,C00391,Data Science UG Course 13,SEC003990,4,Underfilled
2023-24,Fall,C00392,Data Science UG Course 14,SEC003991,3,Underfilled
2023-24,Fall,C00393,Data Science UG Course 15,SEC003992,11,Underfilled
2023-24,Fall,C00394,Data Science UG Course 16,SEC003993,3,Underfilled
2023-24,Fall,C00395,Data Science UG Course 17,SEC003994,13,Underfilled
2023-24,Fall,C00396,Data Science UG Course 18,SEC003995,7,Underfilled
2023-24,Fall,C00397,Data Science UG Course 19,SEC003996,5,Underfilled
2023-24,Fall,C00398,Data Science UG Course 20,SEC003997,5,Underfilled
2023-24,Fall,C00399,Data Science UG Course 21,SEC003998,18,Underfilled
2023-24,Fall,C00400,Data Science UG Course 22,SEC003999,3,Underfilled
2023-24,Fall,C00401,Data Science UG Course 23,SEC004000,12,Underfilled
2023-24,Fall,C00402,Data Science UG Course 24,SEC004001,5,Underfilled
2023-24,Fall,C00403,Data Science UG Course 25,SEC004002,2,Underfilled
2023-24,Fall,C00404,Data Science UG Course 26,SEC004003,11,Underfilled
2023-24,Fall,C00405,Data Science UG Course 27,SEC004004,11,Underfilled
2023-24,Fall,C00408,Data Science UG Course 30,SEC004005,10,Underfilled
2023-24,Fall,C00409,Data Science UG Course 31,SEC004006,4,Underfilled
2023-24,Fall,C00410,Data Science UG Course 32,SEC004007,4,Underfilled
2023-24,Fall,C00411,Data Science UG Course 33,SEC004008,12,Underfilled
2023-24,Fall,C00412,Data Science UG Course 34,SEC004009,6,Underfilled
2023-24,Fall,C00414,Data Science UG Course 36,SEC004010,15,Underfilled
2023-24,Fall,C00415,Data Science UG Course 37,SEC004011,1,Underfilled
2023-24,Fall,C00416,Data Science UG Course 38,SEC004012,1,Underfilled
2023-24,Fall,C00417,Data Science UG Course 39,SEC004013,6,Underfilled
2023-24,Fall,C00418,Data Science UG Course 40,SEC004014,6,Underfilled
2023-24,Fall,C00420,Data Science PG Course 2,SEC004015,1,Underfilled
2023-24,Fall,C00427,Data Science PG Course 9,SEC004016,1,Underfilled
2023-24,Fall,C00434,Cybersecurity UG Course 2,SEC004017,1,Underfilled
2023-24,Fall,C00435,Cybersecurity UG Course 3,SEC004018,2,Underfilled
2023-24,Fall,C00437,Cybersecurity UG Course 5,SEC004019,4,Underfilled
2023-24,Fall,C00438,Cybersecurity UG Course 6,SEC004020,1,Underfilled
2023-24,Fall,C00439,Cybersecurity UG Course 7,SEC004021,5,Underfilled
2023-24,Fall,C00442,Cybersecurity UG Course 10,SEC004022,13,Underfilled
2023-24,Fall,C00443,Cybersecurity UG Course 11,SEC004023,4,Underfilled
2023-24,Fall,C00444,Cybersecurity UG Course 12,SEC004024,2,Underfilled
2023-24,Fall,C00445,Cybersecurity UG Course 13,SEC004025,5,Underfilled
2023-24,Fall,C00448,Cybersecurity UG Course 16,SEC004026,10,Underfilled
2023-24,Fall,C00451,Cybersecurity UG Course 19,SEC004027,7,Underfilled
2023-24,Fall,C00452,Cybersecurity UG Course 20,SEC004028,7,Underfilled
2023-24,Fall,C00454,Cybersecurity UG Course 22,SEC004029,5,Underfilled
2023-24,Fall,C00455,Cybersecurity UG Course 23,SEC004030,3,Underfilled
2023-24,Fall,C00456,Cybersecurity UG Course 24,SEC004031,8,Underfilled
2023-24,Fall,C00457,Cybersecurity UG Course 25,SEC004032,8,Underfilled
2023-24,Fall,C00458,Cybersecurity UG Course 26,SEC004033,2,Underfilled
2023-24,Fall,C00459,Cybersecurity UG Course 27,SEC004034,11,Underfilled
2023-24,Fall,C00460,Cybersecurity UG Course 28,SEC004035,1,Underfilled
2023-24,Fall,C00462,Cybersecurity UG Course 30,SEC004036,9,Underfilled
2023-24,Fall,C00465,Cybersecurity UG Course 33,SEC004037,4,Underfilled
2023-24,Fall,C00466,Cybersecurity UG Course 34,SEC004038,11,Underfilled
2023-24,Fall,C00467,Cybersecurity UG Course 35,SEC004039,7,Underfilled
2023-24,Fall,C00470,Cybersecurity UG Course 38,SEC004040,6,Underfilled
2023-24,Fall,C00472,Cybersecurity UG Course 40,SEC004041,3,Underfilled
2023-24,Fall,C00474,Cybersecurity PG Course 2,SEC004042,28,Optimal
2023-24,Fall,C00475,Cybersecurity PG Course 3,SEC004043,4,Underfilled
2023-24,Fall,C00479,Cybersecurity PG Course 7,SEC004044,1,Underfilled
2023-24,Fall,C00480,Cybersecurity PG Course 8,SEC004045,31,Overfilled
2023-24,Fall,C00481,Cybersecurity PG Course 9,SEC004046,3,Underfilled
2023-24,Fall,C00484,Cybersecurity PG Course 12,SEC004047,30,Optimal
2023-24,Fall,C00485,Cybersecurity PG Course 13,SEC004048,3,Underfilled
2023-24,Fall,C00489,Nursing UG Course 3,SEC004049,6,Underfilled
2023-24,Fall,C00490,Nursing UG Course 4,SEC004050,6,Underfilled
2023-24,Fall,C00493,Nursing UG Course 7,SEC004051,5,Underfilled
2023-24,Fall,C00495,Nursing UG Course 9,SEC004052,5,Underfilled
2023-24,Fall,C00497,Nursing UG Course 11,SEC004053,5,Underfilled
2023-24,Fall,C00500,Nursing UG Course 14,SEC004054,1,Underfilled
2023-24,Fall,C00501,Nursing UG Course 15,SEC004055,7,Underfilled
2023-24,Fall,C00503,Nursing UG Course 17,SEC004056,5,Underfilled
2023-24,Fall,C00504,Nursing UG Course 18,SEC004057,9,Underfilled
2023-24,Fall,C00505,Nursing UG Course 19,SEC004058,1,Underfilled
2023-24,Fall,C00506,Nursing UG Course 20,SEC004059,7,Underfilled
2023-24,Fall,C00507,Nursing UG Course 21,SEC004060,7,Underfilled
2023-24,Fall,C00508,Nursing UG Course 22,SEC004061,1,Underfilled
2023-24,Fall,C00510,Nursing UG Course 24,SEC004062,9,Underfilled
2023-24,Fall,C00511,Nursing UG Course 25,SEC004063,4,Underfilled
2023-24,Fall,C00512,Nursing UG Course 26,SEC004064,7,Underfilled
2023-24,Fall,C00514,Nursing UG Course 28,SEC004065,5,Underfilled
2023-24,Fall,C00517,Nursing UG Course 31,SEC004066,10,Underfilled
2023-24,Fall,C00518,Nursing UG Course 32,SEC004067,7,Underfilled
2023-24,Fall,C00519,Nursing UG Course 33,SEC004068,1,Underfilled
2023-24,Fall,C00521,Nursing UG Course 35,SEC004069,4,Underfilled
2023-24,Fall,C00523,Nursing UG Course 37,SEC004070,9,Underfilled
2023-24,Fall,C00525,Nursing UG Course 39,SEC004071,6,Underfilled
2023-24,Fall,C00526,Nursing UG Course 40,SEC004072,12,Underfilled
2023-24,Fall,C00527,Nursing PG Course 1,SEC004073,6,Underfilled
2023-24,Fall,C00528,Nursing PG Course 2,SEC004074,28,Optimal
2023-24,Fall,C00531,Nursing PG Course 5,SEC004075,24,Optimal
2023-24,Fall,C00534,Nursing PG Course 8,SEC004076,1,Underfilled
2023-24,Fall,C00536,Nursing PG Course 10,SEC004077,5,Underfilled
2023-24,Fall,C00537,Nursing PG Course 11,SEC004078,24,Optimal
2023-24,Fall,C00539,Nursing PG Course 13,SEC004079,5,Underfilled
2023-24,Fall,C00541,Public Health UG Course 1,SEC004080,10,Underfilled
2023-24,Fall,C00542,Public Health UG Course 2,SEC004081,12,Underfilled
2023-24,Fall,C00545,Public Health UG Course 5,SEC004082,5,Underfilled
2023-24,Fall,C00547,Public Health UG Course 7,SEC004083,10,Underfilled
2023-24,Fall,C00548,Public Health UG Course 8,SEC004084,15,Underfilled
2023-24,Fall,C00549,Public Health UG Course 9,SEC004085,23,Optimal
2023-24,Fall,C00550,Public Health UG Course 10,SEC004086,7,Underfilled
2023-24,Fall,C00551,Public Health UG Course 11,SEC004087,5,Underfilled
2023-24,Fall,C00552,Public Health UG Course 12,SEC004088,1,Underfilled
2023-24,Fall,C00554,Public Health UG Course 14,SEC004089,10,Underfilled
2023-24,Fall,C00555,Public Health UG Course 15,SEC004090,13,Underfilled
2023-24,Fall,C00556,Public Health UG Course 16,SEC004091,9,Underfilled
2023-24,Fall,C00557,Public Health UG Course 17,SEC004092,1,Underfilled
2023-24,Fall,C00558,Public Health UG Course 18,SEC004093,24,Optimal
2023-24,Fall,C00560,Public Health UG Course 20,SEC004094,2,Underfilled
2023-24,Fall,C00561,Public Health UG Course 21,SEC004095,6,Underfilled
2023-24,Fall,C00562,Public Health UG Course 22,SEC004096,15,Underfilled
2023-24,Fall,C00563,Public Health UG Course 23,SEC004097,11,Underfilled
2023-24,Fall,C00564,Public Health UG Course 24,SEC004098,4,Underfilled
2023-24,Fall,C00565,Public Health UG Course 25,SEC004099,7,Underfilled
2023-24,Fall,C00566,Public Health UG Course 26,SEC004100,15,Underfilled
2023-24,Fall,C00567,Public Health UG Course 27,SEC004101,26,Optimal
2023-24,Fall,C00568,Public Health UG Course 28,SEC004102,6,Underfilled
2023-24,Fall,C00569,Public Health UG Course 29,SEC004103,10,Underfilled
2023-24,Fall,C00570,Public Health UG Course 30,SEC004104,2,Underfilled
2023-24,Fall,C00571,Public Health UG Course 31,SEC004105,1,Underfilled
2023-24,Fall,C00573,Public Health UG Course 33,SEC004106,8,Underfilled
2023-24,Fall,C00574,Public Health UG Course 34,SEC004107,15,Underfilled
2023-24,Fall,C00575,Public Health UG Course 35,SEC004108,16,Underfilled
2023-24,Fall,C00576,Public Health UG Course 36,SEC004109,14,Underfilled
2023-24,Fall,C00577,Public Health UG Course 37,SEC004110,18,Underfilled
2023-24,Fall,C00578,Public Health UG Course 38,SEC004111,4,Underfilled
2023-24,Fall,C00579,Public Health UG Course 39,SEC004112,9,Underfilled
2023-24,Fall,C00580,Public Health UG Course 40,SEC004113,9,Underfilled
2023-24,Fall,C00589,Public Health PG Course 9,SEC004114,1,Underfilled
2023-24,Fall,C00590,Public Health PG Course 10,SEC004115,1,Underfilled
2023-24,Fall,C00594,Public Health PG Course 14,SEC004116,3,Underfilled
2023-24,Fall,C00595,Pharmacy UG Course 1,SEC004117,13,Underfilled
2023-24,Fall,C00596,Pharmacy UG Course 2,SEC004118,18,Underfilled
2023-24,Fall,C00597,Pharmacy UG Course 3,SEC004119,7,Underfilled
2023-24,Fall,C00598,Pharmacy UG Course 4,SEC004120,4,Underfilled
2023-24,Fall,C00599,Pharmacy UG Course 5,SEC004121,10,Underfilled
2023-24,Fall,C00600,Pharmacy UG Course 6,SEC004122,8,Underfilled
2023-24,Fall,C00601,Pharmacy UG Course 7,SEC004123,12,Underfilled
2023-24,Fall,C00602,Pharmacy UG Course 8,SEC004124,8,Underfilled
2023-24,Fall,C00604,Pharmacy UG Course 10,SEC004125,6,Underfilled
2023-24,Fall,C00605,Pharmacy UG Course 11,SEC004126,10,Underfilled
2023-24,Fall,C00608,Pharmacy UG Course 14,SEC004127,6,Underfilled
2023-24,Fall,C00609,Pharmacy UG Course 15,SEC004128,12,Underfilled
2023-24,Fall,C00610,Pharmacy UG Course 16,SEC004129,5,Underfilled
2023-24,Fall,C00611,Pharmacy UG Course 17,SEC004130,8,Underfilled
2023-24,Fall,C00612,Pharmacy UG Course 18,SEC004131,12,Underfilled
2023-24,Fall,C00613,Pharmacy UG Course 19,SEC004132,14,Underfilled
2023-24,Fall,C00614,Pharmacy UG Course 20,SEC004133,2,Underfilled
2023-24,Fall,C00615,Pharmacy UG Course 21,SEC004134,4,Underfilled
2023-24,Fall,C00616,Pharmacy UG Course 22,SEC004135,9,Underfilled
2023-24,Fall,C00617,Pharmacy UG Course 23,SEC004136,17,Underfilled
2023-24,Fall,C00620,Pharmacy UG Course 26,SEC004137,22,Optimal
2023-24,Fall,C00621,Pharmacy UG Course 27,SEC004138,12,Underfilled
2023-24,Fall,C00622,Pharmacy UG Course 28,SEC004139,15,Underfilled
2023-24,Fall,C00623,Pharmacy UG Course 29,SEC004140,12,Underfilled
2023-24,Fall,C00625,Pharmacy UG Course 31,SEC004141,3,Underfilled
2023-24,Fall,C00626,Pharmacy UG Course 32,SEC004142,8,Underfilled
2023-24,Fall,C00627,Pharmacy UG Course 33,SEC004143,19,Underfilled
2023-24,Fall,C00628,Pharmacy UG Course 34,SEC004144,10,Underfilled
2023-24,Fall,C00629,Pharmacy UG Course 35,SEC004145,12,Underfilled
2023-24,Fall,C00630,Pharmacy UG Course 36,SEC004146,2,Underfilled
2023-24,Fall,C00633,Pharmacy UG Course 39,SEC004147,5,Underfilled
2023-24,Fall,C00634,Pharmacy UG Course 40,SEC004148,1,Underfilled
2023-24,Fall,C00640,Pharmacy PG Course 6,SEC004149,2,Underfilled
2023-24,Fall,C00642,Pharmacy PG Course 8,SEC004150,2,Underfilled
2023-24,Fall,C00651,Psychology UG Course 3,SEC004151,7,Underfilled
2023-24,Fall,C00652,Psychology UG Course 4,SEC004152,8,Underfilled
2023-24,Fall,C00657,Psychology UG Course 9,SEC004153,7,Underfilled
2023-24,Fall,C00658,Psychology UG Course 10,SEC004154,2,Underfilled
2023-24,Fall,C00659,Psychology UG Course 11,SEC004155,9,Underfilled
2023-24,Fall,C00660,Psychology UG Course 12,SEC004156,6,Underfilled
2023-24,Fall,C00661,Psychology UG Course 13,SEC004157,10,Underfilled
2023-24,Fall,C00662,Psychology UG Course 14,SEC004158,1,Underfilled
2023-24,Fall,C00663,Psychology UG Course 15,SEC004159,7,Underfilled
2023-24,Fall,C00664,Psychology UG Course 16,SEC004160,11,Underfilled
2023-24,Fall,C00666,Psychology UG Course 18,SEC004161,8,Underfilled
2023-24,Fall,C00667,Psychology UG Course 19,SEC004162,6,Underfilled
2023-24,Fall,C00668,Psychology UG Course 20,SEC004163,6,Underfilled
2023-24,Fall,C00669,Psychology UG Course 21,SEC004164,17,Underfilled
2023-24,Fall,C00670,Psychology UG Course 22,SEC004165,8,Underfilled
2023-24,Fall,C00671,Psychology UG Course 23,SEC004166,3,Underfilled
2023-24,Fall,C00673,Psychology UG Course 25,SEC004167,21,Optimal
2023-24,Fall,C00674,Psychology UG Course 26,SEC004168,8,Underfilled
2023-24,Fall,C00675,Psychology UG Course 27,SEC004169,12,Underfilled
2023-24,Fall,C00676,Psychology UG Course 28,SEC004170,20,Optimal
2023-24,Fall,C00677,Psychology UG Course 29,SEC004171,13,Underfilled
2023-24,Fall,C00678,Psychology UG Course 30,SEC004172,18,Underfilled
2023-24,Fall,C00679,Psychology UG Course 31,SEC004173,10,Underfilled
2023-24,Fall,C00680,Psychology UG Course 32,SEC004174,6,Underfilled
2023-24,Fall,C00681,Psychology UG Course 33,SEC004175,20,Optimal
2023-24,Fall,C00682,Psychology UG Course 34,SEC004176,10,Underfilled
2023-24,Fall,C00683,Psychology UG Course 35,SEC004177,15,Underfilled
2023-24,Fall,C00685,Psychology UG Course 37,SEC004178,19,Underfilled
2023-24,Fall,C00686,Psychology UG Course 38,SEC004179,4,Underfilled
2023-24,Fall,C00688,Psychology UG Course 40,SEC004180,12,Underfilled
2023-24,Fall,C00704,Education UG Course 2,SEC004181,12,Underfilled
2023-24,Fall,C00705,Education UG Course 3,SEC004182,16,Underfilled
2023-24,Fall,C00706,Education UG Course 4,SEC004183,1,Underfilled
2023-24,Fall,C00707,Education UG Course 5,SEC004184,9,Underfilled
2023-24,Fall,C00708,Education UG Course 6,SEC004185,4,Underfilled
2023-24,Fall,C00709,Education UG Course 7,SEC004186,9,Underfilled
2023-24,Fall,C00711,Education UG Course 9,SEC004187,10,Underfilled
2023-24,Fall,C00712,Education UG Course 10,SEC004188,6,Underfilled
2023-24,Fall,C00713,Education UG Course 11,SEC004189,3,Underfilled
2023-24,Fall,C00714,Education UG Course 12,SEC004190,8,Underfilled
2023-24,Fall,C00715,Education UG Course 13,SEC004191,10,Underfilled
2023-24,Fall,C00716,Education UG Course 14,SEC004192,9,Underfilled
2023-24,Fall,C00717,Education UG Course 15,SEC004193,8,Underfilled
2023-24,Fall,C00718,Education UG Course 16,SEC004194,2,Underfilled
2023-24,Fall,C00719,Education UG Course 17,SEC004195,13,Underfilled
2023-24,Fall,C00720,Education UG Course 18,SEC004196,12,Underfilled
2023-24,Fall,C00721,Education UG Course 19,SEC004197,10,Underfilled
2023-24,Fall,C00723,Education UG Course 21,SEC004198,6,Underfilled
2023-24,Fall,C00724,Education UG Course 22,SEC004199,5,Underfilled
2023-24,Fall,C00727,Education UG Course 25,SEC004200,14,Underfilled
2023-24,Fall,C00728,Education UG Course 26,SEC004201,12,Underfilled
2023-24,Fall,C00729,Education UG Course 27,SEC004202,8,Underfilled
2023-24,Fall,C00731,Education UG Course 29,SEC004203,1,Underfilled
2023-24,Fall,C00732,Education UG Course 30,SEC004204,8,Underfilled
2023-24,Fall,C00733,Education UG Course 31,SEC004205,5,Underfilled
2023-24,Fall,C00734,Education UG Course 32,SEC004206,2,Underfilled
2023-24,Fall,C00735,Education UG Course 33,SEC004207,10,Underfilled
2023-24,Fall,C00736,Education UG Course 34,SEC004208,7,Underfilled
2023-24,Fall,C00737,Education UG Course 35,SEC004209,16,Underfilled
2023-24,Fall,C00738,Education UG Course 36,SEC004210,3,Underfilled
2023-24,Fall,C00739,Education UG Course 37,SEC004211,10,Underfilled
2023-24,Fall,C00740,Education UG Course 38,SEC004212,1,Underfilled
2023-24,Fall,C00741,Education UG Course 39,SEC004213,1,Underfilled
2023-24,Fall,C00742,Education UG Course 40,SEC004214,5,Underfilled
2023-24,Fall,C00757,Media UG Course 1,SEC004215,11,Underfilled
2023-24,Fall,C00758,Media UG Course 2,SEC004216,13,Underfilled
2023-24,Fall,C00759,Media UG Course 3,SEC004217,12,Underfilled
2023-24,Fall,C00760,Media UG Course 4,SEC004218,4,Underfilled
2023-24,Fall,C00761,Media UG Course 5,SEC004219,1,Underfilled
2023-24,Fall,C00762,Media UG Course 6,SEC004220,5,Underfilled
2023-24,Fall,C00763,Media UG Course 7,SEC004221,7,Underfilled
2023-24,Fall,C00764,Media UG Course 8,SEC004222,15,Underfilled
2023-24,Fall,C00765,Media UG Course 9,SEC004223,10,Underfilled
2023-24,Fall,C00766,Media UG Course 10,SEC004224,17,Underfilled
2023-24,Fall,C00767,Media UG Course 11,SEC004225,11,Underfilled
2023-24,Fall,C00769,Media UG Course 13,SEC004226,13,Underfilled
2023-24,Fall,C00770,Media UG Course 14,SEC004227,3,Underfilled
2023-24,Fall,C00771,Media UG Course 15,SEC004228,9,Underfilled
2023-24,Fall,C00773,Media UG Course 17,SEC004229,10,Underfilled
2023-24,Fall,C00774,Media UG Course 18,SEC004230,12,Underfilled
2023-24,Fall,C00775,Media UG Course 19,SEC004231,1,Underfilled
2023-24,Fall,C00776,Media UG Course 20,SEC004232,13,Underfilled
2023-24,Fall,C00777,Media UG Course 21,SEC004233,16,Underfilled
2023-24,Fall,C00778,Media UG Course 22,SEC004234,17,Underfilled
2023-24,Fall,C00780,Media UG Course 24,SEC004235,1,Underfilled
2023-24,Fall,C00781,Media UG Course 25,SEC004236,6,Underfilled
2023-24,Fall,C00782,Media UG Course 26,SEC004237,12,Underfilled
2023-24,Fall,C00785,Media UG Course 29,SEC004238,11,Underfilled
2023-24,Fall,C00786,Media UG Course 30,SEC004239,19,Underfilled
2023-24,Fall,C00787,Media UG Course 31,SEC004240,4,Underfilled
2023-24,Fall,C00789,Media UG Course 33,SEC004241,6,Underfilled
2023-24,Fall,C00791,Media UG Course 35,SEC004242,11,Underfilled
2023-24,Fall,C00792,Media UG Course 36,SEC004243,6,Underfilled
2023-24,Fall,C00794,Media UG Course 38,SEC004244,15,Underfilled
2023-24,Fall,C00795,Media UG Course 39,SEC004245,2,Underfilled
2023-24,Fall,C00796,Media UG Course 40,SEC004246,7,Underfilled
2023-24,Spring,C00002,Management UG Course 2,SEC004247,3,Underfilled
2023-24,Spring,C00005,Management UG Course 5,SEC004248,2,Underfilled
2023-24,Spring,C00006,Management UG Course 6,SEC004249,14,Underfilled
2023-24,Spring,C00007,Management UG Course 7,SEC004250,15,Underfilled
2023-24,Spring,C00008,Management UG Course 8,SEC004251,28,Optimal
2023-24,Spring,C00009,Management UG Course 9,SEC004252,9,Underfilled
2023-24,Spring,C00011,Management UG Course 11,SEC004253,4,Underfilled
2023-24,Spring,C00013,Management UG Course 13,SEC004254,1,Underfilled
2023-24,Spring,C00015,Management UG Course 15,SEC004255,5,Underfilled
2023-24,Spring,C00018,Management UG Course 18,SEC004256,7,Underfilled
2023-24,Spring,C00019,Management UG Course 19,SEC004257,8,Underfilled
2023-24,Spring,C00020,Management UG Course 20,SEC004258,8,Underfilled
2023-24,Spring,C00021,Management UG Course 21,SEC004259,4,Underfilled
2023-24,Spring,C00022,Management UG Course 22,SEC004260,7,Underfilled
2023-24,Spring,C00023,Management UG Course 23,SEC004261,21,Optimal
2023-24,Spring,C00026,Management UG Course 26,SEC004262,37,Overfilled
2023-24,Spring,C00027,Management UG Course 27,SEC004263,7,Underfilled
2023-24,Spring,C00028,Management UG Course 28,SEC004264,19,Underfilled
2023-24,Spring,C00029,Management UG Course 29,SEC004265,1,Underfilled
2023-24,Spring,C00030,Management UG Course 30,SEC004266,17,Underfilled
2023-24,Spring,C00032,Management UG Course 32,SEC004267,15,Underfilled
2023-24,Spring,C00033,Management UG Course 33,SEC004268,3,Underfilled
2023-24,Spring,C00034,Management UG Course 34,SEC004269,3,Underfilled
2023-24,Spring,C00035,Management UG Course 35,SEC004270,27,Optimal
2023-24,Spring,C00036,Management UG Course 36,SEC004271,4,Underfilled
2023-24,Spring,C00037,Management UG Course 37,SEC004272,15,Underfilled
2023-24,Spring,C00038,Management UG Course 38,SEC004273,23,Optimal
2023-24,Spring,C00039,Management UG Course 39,SEC004274,9,Underfilled
2023-24,Spring,C00040,Management UG Course 40,SEC004275,1,Underfilled
2023-24,Spring,C00055,Finance UG Course 1,SEC004276,16,Underfilled
2023-24,Spring,C00056,Finance UG Course 2,SEC004277,5,Underfilled
2023-24,Spring,C00057,Finance UG Course 3,SEC004278,1,Underfilled
2023-24,Spring,C00058,Finance UG Course 4,SEC004279,19,Underfilled
2023-24,Spring,C00059,Finance UG Course 5,SEC004280,10,Underfilled
2023-24,Spring,C00061,Finance UG Course 7,SEC004281,1,Underfilled
2023-24,Spring,C00062,Finance UG Course 8,SEC004282,11,Underfilled
2023-24,Spring,C00064,Finance UG Course 10,SEC004283,4,Underfilled
2023-24,Spring,C00065,Finance UG Course 11,SEC004284,1,Underfilled
2023-24,Spring,C00066,Finance UG Course 12,SEC004285,3,Underfilled
2023-24,Spring,C00067,Finance UG Course 13,SEC004286,13,Underfilled
2023-24,Spring,C00068,Finance UG Course 14,SEC004287,15,Underfilled
2023-24,Spring,C00069,Finance UG Course 15,SEC004288,7,Underfilled
2023-24,Spring,C00070,Finance UG Course 16,SEC004289,9,Underfilled
2023-24,Spring,C00072,Finance UG Course 18,SEC004290,21,Optimal
2023-24,Spring,C00073,Finance UG Course 19,SEC004291,9,Underfilled
2023-24,Spring,C00074,Finance UG Course 20,SEC004292,7,Underfilled
2023-24,Spring,C00075,Finance UG Course 21,SEC004293,12,Underfilled
2023-24,Spring,C00079,Finance UG Course 25,SEC004294,4,Underfilled
2023-24,Spring,C00080,Finance UG Course 26,SEC004295,6,Underfilled
2023-24,Spring,C00081,Finance UG Course 27,SEC004296,2,Underfilled
2023-24,Spring,C00082,Finance UG Course 28,SEC004297,11,Underfilled
2023-24,Spring,C00083,Finance UG Course 29,SEC004298,24,Optimal
2023-24,Spring,C00084,Finance UG Course 30,SEC004299,14,Underfilled
2023-24,Spring,C00087,Finance UG Course 33,SEC004300,6,Underfilled
2023-24,Spring,C00088,Finance UG Course 34,SEC004301,9,Underfilled
2023-24,Spring,C00089,Finance UG Course 35,SEC004302,9,Underfilled
2023-24,Spring,C00091,Finance UG Course 37,SEC004303,6,Underfilled
2023-24,Spring,C00092,Finance UG Course 38,SEC004304,3,Underfilled
2023-24,Spring,C00093,Finance UG Course 39,SEC004305,32,Overfilled
2023-24,Spring,C00094,Finance UG Course 40,SEC004306,19,Underfilled
2023-24,Spring,C00109,Marketing UG Course 1,SEC004307,14,Underfilled
2023-24,Spring,C00110,Marketing UG Course 2,SEC004308,7,Underfilled
2023-24,Spring,C00112,Marketing UG Course 4,SEC004309,13,Underfilled
2023-24,Spring,C00113,Marketing UG Course 5,SEC004310,16,Underfilled
2023-24,Spring,C00116,Marketing UG Course 8,SEC004311,15,Underfilled
2023-24,Spring,C00117,Marketing UG Course 9,SEC004312,3,Underfilled
2023-24,Spring,C00118,Marketing UG Course 10,SEC004313,5,Underfilled
2023-24,Spring,C00119,Marketing UG Course 11,SEC004314,7,Underfilled
2023-24,Spring,C00122,Marketing UG Course 14,SEC004315,15,Underfilled
2023-24,Spring,C00123,Marketing UG Course 15,SEC004316,1,Underfilled
2023-24,Spring,C00124,Marketing UG Course 16,SEC004317,15,Underfilled
2023-24,Spring,C00125,Marketing UG Course 17,SEC004318,12,Underfilled
2023-24,Spring,C00126,Marketing UG Course 18,SEC004319,11,Underfilled
2023-24,Spring,C00127,Marketing UG Course 19,SEC004320,7,Underfilled
2023-24,Spring,C00128,Marketing UG Course 20,SEC004321,7,Underfilled
2023-24,Spring,C00129,Marketing UG Course 21,SEC004322,9,Underfilled
2023-24,Spring,C00130,Marketing UG Course 22,SEC004323,5,Underfilled
2023-24,Spring,C00132,Marketing UG Course 24,SEC004324,5,Underfilled
2023-24,Spring,C00134,Marketing UG Course 26,SEC004325,7,Underfilled
2023-24,Spring,C00136,Marketing UG Course 28,SEC004326,6,Underfilled
2023-24,Spring,C00137,Marketing UG Course 29,SEC004327,18,Underfilled
2023-24,Spring,C00139,Marketing UG Course 31,SEC004328,16,Underfilled
2023-24,Spring,C00140,Marketing UG Course 32,SEC004329,7,Underfilled
2023-24,Spring,C00144,Marketing UG Course 36,SEC004330,14,Underfilled
2023-24,Spring,C00146,Marketing UG Course 38,SEC004331,20,Optimal
2023-24,Spring,C00147,Marketing UG Course 39,SEC004332,15,Underfilled
2023-24,Spring,C00163,Civil UG Course 1,SEC004333,21,Optimal
2023-24,Spring,C00165,Civil UG Course 3,SEC004334,18,Underfilled
2023-24,Spring,C00166,Civil UG Course 4,SEC004335,16,Underfilled
2023-24,Spring,C00167,Civil UG Course 5,SEC004336,12,Underfilled
2023-24,Spring,C00169,Civil UG Course 7,SEC004337,12,Underfilled
2023-24,Spring,C00170,Civil UG Course 8,SEC004338,1,Underfilled
2023-24,Spring,C00171,Civil UG Course 9,SEC004339,1,Underfilled
2023-24,Spring,C00173,Civil UG Course 11,SEC004340,9,Underfilled
2023-24,Spring,C00174,Civil UG Course 12,SEC004341,14,Underfilled
2023-24,Spring,C00175,Civil UG Course 13,SEC004342,1,Underfilled
2023-24,Spring,C00176,Civil UG Course 14,SEC004343,7,Underfilled
2023-24,Spring,C00178,Civil UG Course 16,SEC004344,7,Underfilled
2023-24,Spring,C00179,Civil UG Course 17,SEC004345,6,Underfilled
2023-24,Spring,C00180,Civil UG Course 18,SEC004346,3,Underfilled
2023-24,Spring,C00181,Civil UG Course 19,SEC004347,31,Overfilled
2023-24,Spring,C00182,Civil UG Course 20,SEC004348,5,Underfilled
2023-24,Spring,C00183,Civil UG Course 21,SEC004349,1,Underfilled
2023-24,Spring,C00184,Civil UG Course 22,SEC004350,13,Underfilled
2023-24,Spring,C00185,Civil UG Course 23,SEC004351,20,Optimal
2023-24,Spring,C00186,Civil UG Course 24,SEC004352,2,Underfilled
2023-24,Spring,C00187,Civil UG Course 25,SEC004353,8,Underfilled
2023-24,Spring,C00189,Civil UG Course 27,SEC004354,11,Underfilled
2023-24,Spring,C00190,Civil UG Course 28,SEC004355,16,Underfilled
2023-24,Spring,C00192,Civil UG Course 30,SEC004356,6,Underfilled
2023-24,Spring,C00194,Civil UG Course 32,SEC004357,1,Underfilled
2023-24,Spring,C00195,Civil UG Course 33,SEC004358,3,Underfilled
2023-24,Spring,C00197,Civil UG Course 35,SEC004359,3,Underfilled
2023-24,Spring,C00199,Civil UG Course 37,SEC004360,22,Optimal
2023-24,Spring,C00201,Civil UG Course 39,SEC004361,11,Underfilled
2023-24,Spring,C00202,Civil UG Course 40,SEC004362,1,Underfilled
2023-24,Spring,C00203,Civil PG Course 1,SEC004363,2,Underfilled
2023-24,Spring,C00204,Civil PG Course 2,SEC004364,2,Underfilled
2023-24,Spring,C00206,Civil PG Course 4,SEC004365,1,Underfilled
2023-24,Spring,C00209,Civil PG Course 7,SEC004366,2,Underfilled
2023-24,Spring,C00212,Civil PG Course 10,SEC004367,3,Underfilled
2023-24,Spring,C00213,Civil PG Course 11,SEC004368,1,Underfilled
2023-24,Spring,C00219,Mechanical UG Course 3,SEC004369,5,Underfilled
2023-24,Spring,C00223,Mechanical UG Course 7,SEC004370,3,Underfilled
2023-24,Spring,C00225,Mechanical UG Course 9,SEC004371,5,Underfilled
2023-24,Spring,C00226,Mechanical UG Course 10,SEC004372,1,Underfilled
2023-24,Spring,C00227,Mechanical UG Course 11,SEC004373,7,Underfilled
2023-24,Spring,C00228,Mechanical UG Course 12,SEC004374,1,Underfilled
2023-24,Spring,C00229,Mechanical UG Course 13,SEC004375,5,Underfilled
2023-24,Spring,C00230,Mechanical UG Course 14,SEC004376,2,Underfilled
2023-24,Spring,C00231,Mechanical UG Course 15,SEC004377,5,Underfilled
2023-24,Spring,C00232,Mechanical UG Course 16,SEC004378,2,Underfilled
2023-24,Spring,C00234,Mechanical UG Course 18,SEC004379,22,Optimal
2023-24,Spring,C00236,Mechanical UG Course 20,SEC004380,1,Underfilled
2023-24,Spring,C00239,Mechanical UG Course 23,SEC004381,4,Underfilled
2023-24,Spring,C00244,Mechanical UG Course 28,SEC004382,26,Optimal
2023-24,Spring,C00247,Mechanical UG Course 31,SEC004383,4,Underfilled
2023-24,Spring,C00250,Mechanical UG Course 34,SEC004384,2,Underfilled
2023-24,Spring,C00252,Mechanical UG Course 36,SEC004385,4,Underfilled
2023-24,Spring,C00253,Mechanical UG Course 37,SEC004386,19,Underfilled
2023-24,Spring,C00254,Mechanical UG Course 38,SEC004387,26,Optimal
2023-24,Spring,C00255,Mechanical UG Course 39,SEC004388,19,Underfilled
2023-24,Spring,C00257,Mechanical PG Course 1,SEC004389,1,Underfilled
2023-24,Spring,C00259,Mechanical PG Course 3,SEC004390,2,Underfilled
2023-24,Spring,C00260,Mechanical PG Course 4,SEC004391,2,Underfilled
2023-24,Spring,C00261,Mechanical PG Course 5,SEC004392,3,Underfilled
2023-24,Spring,C00265,Mechanical PG Course 9,SEC004393,27,Optimal
2023-24,Spring,C00266,Mechanical PG Course 10,SEC004394,25,Optimal
2023-24,Spring,C00268,Mechanical PG Course 12,SEC004395,31,Overfilled
2023-24,Spring,C00271,Electrical UG Course 1,SEC004396,1,Underfilled
2023-24,Spring,C00272,Electrical UG Course 2,SEC004397,1,Underfilled
2023-24,Spring,C00278,Electrical UG Course 8,SEC004398,1,Underfilled
2023-24,Spring,C00279,Electrical UG Course 9,SEC004399,1,Underfilled
2023-24,Spring,C00281,Electrical UG Course 11,SEC004400,2,Underfilled
2023-24,Spring,C00297,Electrical UG Course 27,SEC004401,1,Underfilled
2023-24,Spring,C00311,Electrical PG Course 1,SEC004402,1,Underfilled
2023-24,Spring,C00313,Electrical PG Course 3,SEC004403,25,Optimal
2023-24,Spring,C00313,Electrical PG Course 3,SEC004404,25,Optimal
2023-24,Spring,C00313,Electrical PG Course 3,SEC004405,24,Optimal
2023-24,Spring,C00314,Electrical PG Course 4,SEC004406,1,Underfilled
2023-24,Spring,C00315,Electrical PG Course 5,SEC004407,1,Underfilled
2023-24,Spring,C00316,Electrical PG Course 6,SEC004408,18,Underfilled
2023-24,Spring,C00316,Electrical PG Course 6,SEC004409,18,Underfilled
2023-24,Spring,C00317,Electrical PG Course 7,SEC004410,5,Underfilled
2023-24,Spring,C00318,Electrical PG Course 8,SEC004411,19,Underfilled
2023-24,Spring,C00318,Electrical PG Course 8,SEC004412,18,Underfilled
2023-24,Spring,C00319,Electrical PG Course 9,SEC004413,22,Optimal
2023-24,Spring,C00319,Electrical PG Course 9,SEC004414,21,Optimal
2023-24,Spring,C00323,Electrical PG Course 13,SEC004415,20,Optimal
2023-24,Spring,C00323,Electrical PG Course 13,SEC004416,19,Underfilled
2023-24,Spring,C00325,Computer Science UG Course 1,SEC004417,9,Underfilled
2023-24,Spring,C00326,Computer Science UG Course 2,SEC004418,24,Optimal
2023-24,Spring,C00328,Computer Science UG Course 4,SEC004419,8,Underfilled
2023-24,Spring,C00330,Computer Science UG Course 6,SEC004420,9,Underfilled
2023-24,Spring,C00331,Computer Science UG Course 7,SEC004421,15,Underfilled
2023-24,Spring,C00333,Computer Science UG Course 9,SEC004422,6,Underfilled
2023-24,Spring,C00334,Computer Science UG Course 10,SEC004423,13,Underfilled
2023-24,Spring,C00338,Computer Science UG Course 14,SEC004424,1,Underfilled
2023-24,Spring,C00340,Computer Science UG Course 16,SEC004425,16,Underfilled
2023-24,Spring,C00341,Computer Science UG Course 17,SEC004426,10,Underfilled
2023-24,Spring,C00342,Computer Science UG Course 18,SEC004427,15,Underfilled
2023-24,Spring,C00345,Computer Science UG Course 21,SEC004428,20,Optimal
2023-24,Spring,C00347,Computer Science UG Course 23,SEC004429,12,Underfilled
2023-24,Spring,C00349,Computer Science UG Course 25,SEC004430,2,Underfilled
2023-24,Spring,C00350,Computer Science UG Course 26,SEC004431,12,Underfilled
2023-24,Spring,C00351,Computer Science UG Course 27,SEC004432,1,Underfilled
2023-24,Spring,C00353,Computer Science UG Course 29,SEC004433,2,Underfilled
2023-24,Spring,C00354,Computer Science UG Course 30,SEC004434,9,Underfilled
2023-24,Spring,C00355,Computer Science UG Course 31,SEC004435,3,Underfilled
2023-24,Spring,C00356,Computer Science UG Course 32,SEC004436,7,Underfilled
2023-24,Spring,C00357,Computer Science UG Course 33,SEC004437,4,Underfilled
2023-24,Spring,C00359,Computer Science UG Course 35,SEC004438,7,Underfilled
2023-24,Spring,C00360,Computer Science UG Course 36,SEC004439,28,Optimal
2023-24,Spring,C00361,Computer Science UG Course 37,SEC004440,3,Underfilled
2023-24,Spring,C00362,Computer Science UG Course 38,SEC004441,16,Underfilled
2023-24,Spring,C00363,Computer Science UG Course 39,SEC004442,26,Optimal
2023-24,Spring,C00364,Computer Science UG Course 40,SEC004443,4,Underfilled
2023-24,Spring,C00379,Data Science UG Course 1,SEC004444,7,Underfilled
2023-24,Spring,C00380,Data Science UG Course 2,SEC004445,15,Underfilled
2023-24,Spring,C00381,Data Science UG Course 3,SEC004446,5,Underfilled
2023-24,Spring,C00383,Data Science UG Course 5,SEC004447,7,Underfilled
2023-24,Spring,C00384,Data Science UG Course 6,SEC004448,5,Underfilled
2023-24,Spring,C00387,Data Science UG Course 9,SEC004449,1,Underfilled
2023-24,Spring,C00388,Data Science UG Course 10,SEC004450,19,Underfilled
2023-24,Spring,C00389,Data Science UG Course 11,SEC004451,1,Underfilled
2023-24,Spring,C00390,Data Science UG Course 12,SEC004452,3,Underfilled
2023-24,Spring,C00391,Data Science UG Course 13,SEC004453,5,Underfilled
2023-24,Spring,C00392,Data Science UG Course 14,SEC004454,6,Underfilled
2023-24,Spring,C00393,Data Science UG Course 15,SEC004455,13,Underfilled
2023-24,Spring,C00394,Data Science UG Course 16,SEC004456,4,Underfilled
2023-24,Spring,C00395,Data Science UG Course 17,SEC004457,19,Underfilled
2023-24,Spring,C00397,Data Science UG Course 19,SEC004458,2,Underfilled
2023-24,Spring,C00398,Data Science UG Course 20,SEC004459,5,Underfilled
2023-24,Spring,C00399,Data Science UG Course 21,SEC004460,17,Underfilled
2023-24,Spring,C00401,Data Science UG Course 23,SEC004461,23,Optimal
2023-24,Spring,C00403,Data Science UG Course 25,SEC004462,13,Underfilled
2023-24,Spring,C00404,Data Science UG Course 26,SEC004463,19,Underfilled
2023-24,Spring,C00405,Data Science UG Course 27,SEC004464,12,Underfilled
2023-24,Spring,C00406,Data Science UG Course 28,SEC004465,4,Underfilled
2023-24,Spring,C00408,Data Science UG Course 30,SEC004466,11,Underfilled
2023-24,Spring,C00409,Data Science UG Course 31,SEC004467,4,Underfilled
2023-24,Spring,C00411,Data Science UG Course 33,SEC004468,1,Underfilled
2023-24,Spring,C00413,Data Science UG Course 35,SEC004469,14,Underfilled
2023-24,Spring,C00414,Data Science UG Course 36,SEC004470,10,Underfilled
2023-24,Spring,C00415,Data Science UG Course 37,SEC004471,4,Underfilled
2023-24,Spring,C00416,Data Science UG Course 38,SEC004472,5,Underfilled
2023-24,Spring,C00417,Data Science UG Course 39,SEC004473,4,Underfilled
2023-24,Spring,C00427,Data Science PG Course 9,SEC004474,1,Underfilled
2023-24,Spring,C00433,Cybersecurity UG Course 1,SEC004475,3,Underfilled
2023-24,Spring,C00435,Cybersecurity UG Course 3,SEC004476,7,Underfilled
2023-24,Spring,C00436,Cybersecurity UG Course 4,SEC004477,4,Underfilled
2023-24,Spring,C00438,Cybersecurity UG Course 6,SEC004478,4,Underfilled
2023-24,Spring,C00441,Cybersecurity UG Course 9,SEC004479,1,Underfilled
2023-24,Spring,C00442,Cybersecurity UG Course 10,SEC004480,15,Underfilled
2023-24,Spring,C00444,Cybersecurity UG Course 12,SEC004481,1,Underfilled
2023-24,Spring,C00446,Cybersecurity UG Course 14,SEC004482,4,Underfilled
2023-24,Spring,C00447,Cybersecurity UG Course 15,SEC004483,5,Underfilled
2023-24,Spring,C00448,Cybersecurity UG Course 16,SEC004484,19,Underfilled
2023-24,Spring,C00449,Cybersecurity UG Course 17,SEC004485,6,Underfilled
2023-24,Spring,C00452,Cybersecurity UG Course 20,SEC004486,2,Underfilled
2023-24,Spring,C00454,Cybersecurity UG Course 22,SEC004487,1,Underfilled
2023-24,Spring,C00456,Cybersecurity UG Course 24,SEC004488,19,Underfilled
2023-24,Spring,C00458,Cybersecurity UG Course 26,SEC004489,2,Underfilled
2023-24,Spring,C00459,Cybersecurity UG Course 27,SEC004490,16,Underfilled
2023-24,Spring,C00461,Cybersecurity UG Course 29,SEC004491,3,Underfilled
2023-24,Spring,C00463,Cybersecurity UG Course 31,SEC004492,3,Underfilled
2023-24,Spring,C00466,Cybersecurity UG Course 34,SEC004493,18,Underfilled
2023-24,Spring,C00468,Cybersecurity UG Course 36,SEC004494,6,Underfilled
2023-24,Spring,C00472,Cybersecurity UG Course 40,SEC004495,1,Underfilled
2023-24,Spring,C00474,Cybersecurity PG Course 2,SEC004496,33,Overfilled
2023-24,Spring,C00480,Cybersecurity PG Course 8,SEC004497,31,Overfilled
2023-24,Spring,C00483,Cybersecurity PG Course 11,SEC004498,2,Underfilled
2023-24,Spring,C00484,Cybersecurity PG Course 12,SEC004499,32,Overfilled
2023-24,Spring,C00485,Cybersecurity PG Course 13,SEC004500,1,Underfilled
2023-24,Spring,C00486,Cybersecurity PG Course 14,SEC004501,2,Underfilled
2023-24,Spring,C00487,Nursing UG Course 1,SEC004502,4,Underfilled
2023-24,Spring,C00488,Nursing UG Course 2,SEC004503,4,Underfilled
2023-24,Spring,C00492,Nursing UG Course 6,SEC004504,4,Underfilled
2023-24,Spring,C00494,Nursing UG Course 8,SEC004505,1,Underfilled
2023-24,Spring,C00499,Nursing UG Course 13,SEC004506,8,Underfilled
2023-24,Spring,C00500,Nursing UG Course 14,SEC004507,1,Underfilled
2023-24,Spring,C00507,Nursing UG Course 21,SEC004508,15,Underfilled
2023-24,Spring,C00508,Nursing UG Course 22,SEC004509,5,Underfilled
2023-24,Spring,C00509,Nursing UG Course 23,SEC004510,7,Underfilled
2023-24,Spring,C00510,Nursing UG Course 24,SEC004511,13,Underfilled
2023-24,Spring,C00513,Nursing UG Course 27,SEC004512,6,Underfilled
2023-24,Spring,C00514,Nursing UG Course 28,SEC004513,1,Underfilled
2023-24,Spring,C00515,Nursing UG Course 29,SEC004514,6,Underfilled
2023-24,Spring,C00517,Nursing UG Course 31,SEC004515,16,Underfilled
2023-24,Spring,C00518,Nursing UG Course 32,SEC004516,1,Underfilled
2023-24,Spring,C00519,Nursing UG Course 33,SEC004517,1,Underfilled
2023-24,Spring,C00520,Nursing UG Course 34,SEC004518,8,Underfilled
2023-24,Spring,C00522,Nursing UG Course 36,SEC004519,5,Underfilled
2023-24,Spring,C00523,Nursing UG Course 37,SEC004520,14,Underfilled
2023-24,Spring,C00526,Nursing UG Course 40,SEC004521,17,Underfilled
2023-24,Spring,C00528,Nursing PG Course 2,SEC004522,31,Overfilled
2023-24,Spring,C00530,Nursing PG Course 4,SEC004523,1,Underfilled
2023-24,Spring,C00531,Nursing PG Course 5,SEC004524,31,Overfilled
2023-24,Spring,C00532,Nursing PG Course 6,SEC004525,1,Underfilled
2023-24,Spring,C00534,Nursing PG Course 8,SEC004526,2,Underfilled
2023-24,Spring,C00537,Nursing PG Course 11,SEC004527,29,Optimal
2023-24,Spring,C00542,Public Health UG Course 2,SEC004528,7,Underfilled
2023-24,Spring,C00543,Public Health UG Course 3,SEC004529,7,Underfilled
2023-24,Spring,C00544,Public Health UG Course 4,SEC004530,6,Underfilled
2023-24,Spring,C00546,Public Health UG Course 6,SEC004531,8,Underfilled
2023-24,Spring,C00547,Public Health UG Course 7,SEC004532,9,Underfilled
2023-24,Spring,C00548,Public Health UG Course 8,SEC004533,28,Optimal
2023-24,Spring,C00549,Public Health UG Course 9,SEC004534,1,Underfilled
2023-24,Spring,C00550,Public Health UG Course 10,SEC004535,22,Optimal
2023-24,Spring,C00551,Public Health UG Course 11,SEC004536,2,Underfilled
2023-24,Spring,C00552,Public Health UG Course 12,SEC004537,11,Underfilled
2023-24,Spring,C00553,Public Health UG Course 13,SEC004538,2,Underfilled
2023-24,Spring,C00555,Public Health UG Course 15,SEC004539,8,Underfilled
2023-24,Spring,C00557,Public Health UG Course 17,SEC004540,11,Underfilled
2023-24,Spring,C00558,Public Health UG Course 18,SEC004541,17,Underfilled
2023-24,Spring,C00558,Public Health UG Course 18,SEC004542,17,Underfilled
2023-24,Spring,C00560,Public Health UG Course 20,SEC004543,4,Underfilled
2023-24,Spring,C00562,Public Health UG Course 22,SEC004544,28,Optimal
2023-24,Spring,C00565,Public Health UG Course 25,SEC004545,19,Underfilled
2023-24,Spring,C00567,Public Health UG Course 27,SEC004546,2,Underfilled
2023-24,Spring,C00568,Public Health UG Course 28,SEC004547,12,Underfilled
2023-24,Spring,C00569,Public Health UG Course 29,SEC004548,12,Underfilled
2023-24,Spring,C00570,Public Health UG Course 30,SEC004549,10,Underfilled
2023-24,Spring,C00571,Public Health UG Course 31,SEC004550,15,Underfilled
2023-24,Spring,C00573,Public Health UG Course 33,SEC004551,16,Underfilled
2023-24,Spring,C00576,Public Health UG Course 36,SEC004552,30,Optimal
2023-24,Spring,C00577,Public Health UG Course 37,SEC004553,21,Optimal
2023-24,Spring,C00578,Public Health UG Course 38,SEC004554,9,Underfilled
2023-24,Spring,C00579,Public Health UG Course 39,SEC004555,1,Underfilled
2023-24,Spring,C00580,Public Health UG Course 40,SEC004556,8,Underfilled
2023-24,Spring,C00582,Public Health PG Course 2,SEC004557,3,Underfilled
2023-24,Spring,C00589,Public Health PG Course 9,SEC004558,1,Underfilled
2023-24,Spring,C00594,Public Health PG Course 14,SEC004559,1,Underfilled
2023-24,Spring,C00595,Pharmacy UG Course 1,SEC004560,2,Underfilled
2023-24,Spring,C00596,Pharmacy UG Course 2,SEC004561,15,Underfilled
2023-24,Spring,C00598,Pharmacy UG Course 4,SEC004562,16,Underfilled
2023-24,Spring,C00599,Pharmacy UG Course 5,SEC004563,15,Underfilled
2023-24,Spring,C00600,Pharmacy UG Course 6,SEC004564,25,Optimal
2023-24,Spring,C00601,Pharmacy UG Course 7,SEC004565,14,Underfilled
2023-24,Spring,C00602,Pharmacy UG Course 8,SEC004566,16,Underfilled
2023-24,Spring,C00603,Pharmacy UG Course 9,SEC004567,4,Underfilled
2023-24,Spring,C00604,Pharmacy UG Course 10,SEC004568,8,Underfilled
2023-24,Spring,C00606,Pharmacy UG Course 12,SEC004569,16,Underfilled
2023-24,Spring,C00607,Pharmacy UG Course 13,SEC004570,4,Underfilled
2023-24,Spring,C00608,Pharmacy UG Course 14,SEC004571,15,Underfilled
2023-24,Spring,C00609,Pharmacy UG Course 15,SEC004572,1,Underfilled
2023-24,Spring,C00610,Pharmacy UG Course 16,SEC004573,8,Underfilled
2023-24,Spring,C00611,Pharmacy UG Course 17,SEC004574,13,Underfilled
2023-24,Spring,C00612,Pharmacy UG Course 18,SEC004575,14,Underfilled
2023-24,Spring,C00613,Pharmacy UG Course 19,SEC004576,1,Underfilled
2023-24,Spring,C00614,Pharmacy UG Course 20,SEC004577,7,Underfilled
2023-24,Spring,C00615,Pharmacy UG Course 21,SEC004578,5,Underfilled
2023-24,Spring,C00617,Pharmacy UG Course 23,SEC004579,20,Optimal
2023-24,Spring,C00618,Pharmacy UG Course 24,SEC004580,14,Underfilled
2023-24,Spring,C00619,Pharmacy UG Course 25,SEC004581,2,Underfilled
2023-24,Spring,C00620,Pharmacy UG Course 26,SEC004582,17,Underfilled
2023-24,Spring,C00621,Pharmacy UG Course 27,SEC004583,6,Underfilled
2023-24,Spring,C00623,Pharmacy UG Course 29,SEC004584,19,Underfilled
2023-24,Spring,C00624,Pharmacy UG Course 30,SEC004585,21,Optimal
2023-24,Spring,C00630,Pharmacy UG Course 36,SEC004586,4,Underfilled
2023-24,Spring,C00631,Pharmacy UG Course 37,SEC004587,4,Underfilled
2023-24,Spring,C00632,Pharmacy UG Course 38,SEC004588,1,Underfilled
2023-24,Spring,C00634,Pharmacy UG Course 40,SEC004589,1,Underfilled
2023-24,Spring,C00643,Pharmacy PG Course 9,SEC004590,1,Underfilled
2023-24,Spring,C00644,Pharmacy PG Course 10,SEC004591,1,Underfilled
2023-24,Spring,C00650,Psychology UG Course 2,SEC004592,13,Underfilled
2023-24,Spring,C00652,Psychology UG Course 4,SEC004593,6,Underfilled
2023-24,Spring,C00653,Psychology UG Course 5,SEC004594,3,Underfilled
2023-24,Spring,C00654,Psychology UG Course 6,SEC004595,8,Underfilled
2023-24,Spring,C00655,Psychology UG Course 7,SEC004596,12,Underfilled
2023-24,Spring,C00656,Psychology UG Course 8,SEC004597,11,Underfilled
2023-24,Spring,C00658,Psychology UG Course 10,SEC004598,1,Underfilled
2023-24,Spring,C00659,Psychology UG Course 11,SEC004599,1,Underfilled
2023-24,Spring,C00660,Psychology UG Course 12,SEC004600,9,Underfilled
2023-24,Spring,C00661,Psychology UG Course 13,SEC004601,7,Underfilled
2023-24,Spring,C00662,Psychology UG Course 14,SEC004602,1,Underfilled
2023-24,Spring,C00664,Psychology UG Course 16,SEC004603,1,Underfilled
2023-24,Spring,C00665,Psychology UG Course 17,SEC004604,8,Underfilled
2023-24,Spring,C00668,Psychology UG Course 20,SEC004605,3,Underfilled
2023-24,Spring,C00670,Psychology UG Course 22,SEC004606,5,Underfilled
2023-24,Spring,C00672,Psychology UG Course 24,SEC004607,8,Underfilled
2023-24,Spring,C00673,Psychology UG Course 25,SEC004608,20,Optimal
2023-24,Spring,C00675,Psychology UG Course 27,SEC004609,25,Optimal
2023-24,Spring,C00676,Psychology UG Course 28,SEC004610,17,Underfilled
2023-24,Spring,C00677,Psychology UG Course 29,SEC004611,28,Optimal
2023-24,Spring,C00678,Psychology UG Course 30,SEC004612,19,Underfilled
2023-24,Spring,C00680,Psychology UG Course 32,SEC004613,18,Underfilled
2023-24,Spring,C00681,Psychology UG Course 33,SEC004614,18,Underfilled
2023-24,Spring,C00682,Psychology UG Course 34,SEC004615,2,Underfilled
2023-24,Spring,C00683,Psychology UG Course 35,SEC004616,22,Optimal
2023-24,Spring,C00684,Psychology UG Course 36,SEC004617,3,Underfilled
2023-24,Spring,C00685,Psychology UG Course 37,SEC004618,19,Underfilled
2023-24,Spring,C00686,Psychology UG Course 38,SEC004619,1,Underfilled
2023-24,Spring,C00688,Psychology UG Course 40,SEC004620,20,Optimal
2023-24,Spring,C00703,Education UG Course 1,SEC004621,6,Underfilled
2023-24,Spring,C00704,Education UG Course 2,SEC004622,1,Underfilled
2023-24,Spring,C00705,Education UG Course 3,SEC004623,11,Underfilled
2023-24,Spring,C00706,Education UG Course 4,SEC004624,1,Underfilled
2023-24,Spring,C00707,Education UG Course 5,SEC004625,19,Underfilled
2023-24,Spring,C00709,Education UG Course 7,SEC004626,12,Underfilled
2023-24,Spring,C00710,Education UG Course 8,SEC004627,9,Underfilled
2023-24,Spring,C00711,Education UG Course 9,SEC004628,22,Optimal
2023-24,Spring,C00712,Education UG Course 10,SEC004629,4,Underfilled
2023-24,Spring,C00713,Education UG Course 11,SEC004630,5,Underfilled
2023-24,Spring,C00716,Education UG Course 14,SEC004631,19,Underfilled
2023-24,Spring,C00717,Education UG Course 15,SEC004632,2,Underfilled
2023-24,Spring,C00720,Education UG Course 18,SEC004633,15,Underfilled
2023-24,Spring,C00722,Education UG Course 20,SEC004634,8,Underfilled
2023-24,Spring,C00724,Education UG Course 22,SEC004635,3,Underfilled
2023-24,Spring,C00725,Education UG Course 23,SEC004636,5,Underfilled
2023-24,Spring,C00726,Education UG Course 24,SEC004637,14,Underfilled
2023-24,Spring,C00727,Education UG Course 25,SEC004638,1,Underfilled
2023-24,Spring,C00728,Education UG Course 26,SEC004639,20,Optimal
2023-24,Spring,C00729,Education UG Course 27,SEC004640,2,Underfilled
2023-24,Spring,C00730,Education UG Course 28,SEC004641,6,Underfilled
2023-24,Spring,C00731,Education UG Course 29,SEC004642,7,Underfilled
2023-24,Spring,C00733,Education UG Course 31,SEC004643,2,Underfilled
2023-24,Spring,C00734,Education UG Course 32,SEC004644,10,Underfilled
2023-24,Spring,C00735,Education UG Course 33,SEC004645,2,Underfilled
2023-24,Spring,C00736,Education UG Course 34,SEC004646,13,Underfilled
2023-24,Spring,C00737,Education UG Course 35,SEC004647,12,Underfilled
2023-24,Spring,C00739,Education UG Course 37,SEC004648,14,Underfilled
2023-24,Spring,C00741,Education UG Course 39,SEC004649,2,Underfilled
2023-24,Spring,C00757,Media UG Course 1,SEC004650,1,Underfilled
2023-24,Spring,C00758,Media UG Course 2,SEC004651,2,Underfilled
2023-24,Spring,C00759,Media UG Course 3,SEC004652,17,Underfilled
2023-24,Spring,C00760,Media UG Course 4,SEC004653,9,Underfilled
2023-24,Spring,C00761,Media UG Course 5,SEC004654,6,Underfilled
2023-24,Spring,C00762,Media UG Course 6,SEC004655,6,Underfilled
2023-24,Spring,C00763,Media UG Course 7,SEC004656,4,Underfilled
2023-24,Spring,C00764,Media UG Course 8,SEC004657,23,Optimal
2023-24,Spring,C00765,Media UG Course 9,SEC004658,18,Underfilled
2023-24,Spring,C00766,Media UG Course 10,SEC004659,18,Underfilled
2023-24,Spring,C00769,Media UG Course 13,SEC004660,24,Optimal
2023-24,Spring,C00770,Media UG Course 14,SEC004661,5,Underfilled
2023-24,Spring,C00771,Media UG Course 15,SEC004662,24,Optimal
2023-24,Spring,C00774,Media UG Course 18,SEC004663,26,Optimal
2023-24,Spring,C00775,Media UG Course 19,SEC004664,1,Underfilled
2023-24,Spring,C00777,Media UG Course 21,SEC004665,1,Underfilled
2023-24,Spring,C00778,Media UG Course 22,SEC004666,9,Underfilled
2023-24,Spring,C00780,Media UG Course 24,SEC004667,4,Underfilled
2023-24,Spring,C00781,Media UG Course 25,SEC004668,1,Underfilled
2023-24,Spring,C00783,Media UG Course 27,SEC004669,17,Underfilled
2023-24,Spring,C00784,Media UG Course 28,SEC004670,5,Underfilled
2023-24,Spring,C00785,Media UG Course 29,SEC004671,26,Optimal
2023-24,Spring,C00786,Media UG Course 30,SEC004672,17,Underfilled
2023-24,Spring,C00788,Media UG Course 32,SEC004673,13,Underfilled
2023-24,Spring,C00790,Media UG Course 34,SEC004674,4,Underfilled
2023-24,Spring,C00793,Media UG Course 37,SEC004675,4,Underfilled
2023-24,Spring,C00795,Media UG Course 39,SEC004676,9,Underfilled
2023-24,Spring,C00796,Media UG Course 40,SEC004677,10,Underfilled